,GBIF.common.name,LPI.common.name,species,Common.Name,id,Units,n,intercept,slope,intercept_SE,slope_SE,intercept_p,slope_p,meanpop,row,downloader,data.available,geographic.range,species.LPI,species.GBIF,maxlat,minlat,maxlong,minlong,countoccur,lengthlat,lengthlong,range
1,Arctic / Mountain hare,Arctic / Mountain hare,Lepus timidus,Arctic / Mountain hare,4903,Unknown,22,-17.11559475,0.00878671,13.85840165,0.006971842,0.2298459,0.220760566,69.33333333,1,Gergana,yes,partWorld,Lepus timidus,Lepus timidus,71.71013221,-37.15553,170.41,-111.2,13946,108.8656622,281.61,30657.65913
2,Arctic jaeger / Parasitic jaeger / Arctic skua,Arctic jaeger / Parasitic jaeger / Arctic skua,Stercorarius parasiticus,Arctic jaeger / Parasitic jaeger / Arctic skua,12087,Number of apparently occupied territories,38,-32.34574798,0.016510648,5.757715677,0.00289371,1.90E-06,1.44E-06,21.725,2,Gergana,yes,World,Stercorarius parasiticus,Stercorarius parasiticus,81.8167,-68.825,179.173,-179.478,153281,150.6417,358.651,54027.79635
3,Arctic jaeger / Parasitic jaeger / Arctic skua,Arctic jaeger / Parasitic jaeger / Arctic skua,Stercorarius parasiticus,Arctic jaeger / Parasitic jaeger / Arctic skua,12101,Number of apparently occupied territories,17,54.97403509,-0.027476383,20.35885647,0.010277021,0.015167072,0.016034621,108.3157895,2,Gergana,yes,World,Stercorarius parasiticus,Stercorarius parasiticus,81.8167,-68.825,179.173,-179.478,153281,150.6417,358.651,54027.79635
4,Arctic jaeger / Parasitic jaeger / Arctic skua,Arctic jaeger / Parasitic jaeger / Arctic skua,Stercorarius parasiticus,Arctic jaeger / Parasitic jaeger / Arctic skua,1846,Number of territories,12,115.1780047,-0.057782975,11.76503056,0.005925447,4.50E-07,4.70E-07,191.2857143,2,Gergana,yes,World,Stercorarius parasiticus,Stercorarius parasiticus,81.8167,-68.825,179.173,-179.478,153281,150.6417,358.651,54027.79635
5,Arctic tern,Arctic tern,Sterna paradisaea,Arctic tern,9064,Number of pairs breeding in Wales,16,-28.06287272,0.014351188,26.64982349,0.013408648,0.3079743,0.300368034,484.7222222,4,Gergana,yes,World,Sterna paradisaea,Sterna paradisaea,83.05,-73.76667,178.848,-179.2198909,200270,156.81667,358.0678909,56151.01429
6,Atlantic cod / Cod,Atlantic cod / Cod,Gadus morhua,Atlantic cod / Cod,1421,Spawning stock biomass,32,52.90785366,-0.026339389,4.069358732,0.002040265,2.58E-14,3.12E-14,16370.11765,5,Gergana,yes,partWorld,Gadus morhua,Gadus morhua,78.9536,0,40,-170.25,76616,78.9536,210.25,16599.9944
7,Atlantic herring,Atlantic herring,Clupea harengus,Atlantic herring,2329,SSB tonnes,37,23.93626977,-0.011923722,5.792696326,0.00291232,0.000197249,0.000220735,139720.3846,6,Gergana,yes,partWorld,Clupea harengus,Clupea harengus,79.01308,0,69.09167,-176.57653,68827,79.01308,245.6682,19411.00114
8,Atlantic menhaden,Atlantic menhaden,Brevoortia tyrannus,Atlantic menhaden,1391,Spawning stock biomass (Thousand tonnes/millions),18,-86.40182774,0.043810746,12.51665851,0.006323115,1.87E-06,1.78E-06,41.55,7,Gergana,yes,partWorld,Brevoortia tyrannus,Brevoortia tyrannus,48.05,-35,0,-93.32414,930,83.05,93.32414,7750.569827
9,Atlantic menhaden,Atlantic menhaden,Brevoortia tyrannus,Atlantic menhaden,1399,Spawning stock biomass (Tonnes),19,20.8682598,-0.01036335,20.65434076,0.010431436,0.325018903,0.33296423,247.7619048,7,Gergana,yes,partWorld,Brevoortia tyrannus,Brevoortia tyrannus,48.05,-35,0,-93.32414,930,83.05,93.32414,7750.569827
10,Atlantic salmon,Atlantic salmon,Salmo salar,Atlantic salmon,6107,Eggs x 10^6,15,-62.34883431,0.031613047,27.53082375,0.013897395,0.038776998,0.03803344,2.091764706,9,Gergana,yes,World,Salmo salar,Salmo salar,71.199,-43.25,148.616,-170.23041,92136,114.449,318.84641,36491.65278
11,Balearic shearwater,Balearic shearwater,Puffinus mauretanicus,Balearic shearwater,6377,no. of individuals (normalised relative to 1980-2003 average),18,-45.8470247,0.023156336,12.41341872,0.006232066,0.001663131,0.001582433,0.92,10,Gergana,yes,partWorld,Puffinus mauretanicus,Puffinus mauretanicus,80.38392,0,59.43414,-31.25322,8140,80.38392,90.68736,7289.805491
12,Bar-tailed godwit,Bar-tailed godwit,Limosa lapponica,Bar-tailed godwit,1729,Index 1973=100,19,-32.17825312,0.016464266,20.37339475,0.010284351,0.130742813,0.125893975,117.6666667,13,Gergana,yes,World,Limosa lapponica,Limosa lapponica,80.38392,-52.55,179.214,-178.7167,118390,132.93392,357.9307,47581.13104
13,Bar-tailed godwit,Bar-tailed godwit,Limosa lapponica,Bar-tailed godwit,5143,Index,29,-18.77459721,0.009707351,8.857598419,0.00445101,0.042720856,0.037444124,125.3448965,13,Gergana,yes,World,Limosa lapponica,Limosa lapponica,80.38392,-52.55,179.214,-178.7167,118390,132.93392,357.9307,47581.13104
14,Barnacle goose / Greenland barnacle goose,Barnacle goose / Greenland barnacle goose,Branta leucopsis,Barnacle goose / Greenland barnacle goose,11161,Individuals,22,-72.75842078,0.036621707,6.115174139,0.003059864,4.68E-11,4.18E-11,33015.5,14,Gergana,yes,partWorld,Branta leucopsis,Branta leucopsis,80.38392,3.6917,59.43414,-157.818,320439,76.69222,217.25214,16661.54892
15,Barnacle goose / Greenland barnacle goose,Barnacle goose / Greenland barnacle goose,Branta leucopsis,Barnacle goose / Greenland barnacle goose,11162,Individuals,39,-47.27185517,0.023954683,1.908974084,0.000959267,1.83E-25,1.34E-25,15142.92683,14,Gergana,yes,partWorld,Branta leucopsis,Branta leucopsis,80.38392,3.6917,59.43414,-157.818,320439,76.69222,217.25214,16661.54892
16,Barnacle goose / Greenland barnacle goose,Barnacle goose / Greenland barnacle goose,Branta leucopsis,Barnacle goose / Greenland barnacle goose,11160,Number of individuals,7,-41.47020727,0.020978185,9.682299651,0.004858055,0.003641484,0.003487755,9109.666667,14,Gergana,yes,partWorld,Branta leucopsis,Branta leucopsis,80.38392,3.6917,59.43414,-157.818,320439,76.69222,217.25214,16661.54892
17,Black guillemot,Black guillemot,Cepphus grylle,Black guillemot,1637,breeding population index (from graphic),16,51.9382283,-0.025724769,22.46417417,0.01125361,0.034419909,0.03623438,105.5555556,16,Gergana,yes,partWorld,Cepphus grylle,Cepphus grylle,84.53333,-22.025,177.029,-179.478,168119,106.55833,356.507,37988.79055
18,Black guillemot,Black guillemot,Cepphus grylle,Black guillemot,1638,breeding population index (from graphic),12,71.70833333,-0.035714286,14.26670664,0.007144038,0.000296014,0.00030974,63.21428571,16,Gergana,yes,partWorld,Cepphus grylle,Cepphus grylle,84.53333,-22.025,177.029,-179.478,168119,106.55833,356.507,37988.79055
19,Black-legged kittiwake,Black-legged kittiwake,Rissa tridactyla,Black-legged kittiwake,1824,breeding population index (from graphic),18,74.98114035,-0.037280702,14.56744771,0.007300119,6.76E-05,7.37E-05,95.25,18,Gergana,yes,partWorld,Rissa tridactyla,Rissa tridactyla,83.31,-60.0083,179.945,-179.782,205160,143.3183,359.727,51555.4621
20,Black-legged kittiwake,Black-legged kittiwake,Rissa tridactyla,Black-legged kittiwake,1827,breeding population index (from graphic),16,96.86847224,-0.04821336,13.84306835,0.006934413,3.01E-06,3.26E-06,78.33333333,18,Gergana,yes,partWorld,Rissa tridactyla,Rissa tridactyla,83.31,-60.0083,179.945,-179.782,205160,143.3183,359.727,51555.4621
21,Black-legged kittiwake,Black-legged kittiwake,Rissa tridactyla,Black-legged kittiwake,1828,breeding population index (from graphic),18,99.70132685,-0.049712517,14.31608971,0.007174157,1.66E-06,1.78E-06,97.5,18,Gergana,yes,partWorld,Rissa tridactyla,Rissa tridactyla,83.31,-60.0083,179.945,-179.782,205160,143.3183,359.727,51555.4621
22,Black-legged kittiwake,Black-legged kittiwake,Rissa tridactyla,Black-legged kittiwake,1822,breeding population index (from graphic),18,55.39711779,-0.027568922,17.59571275,0.008817659,0.00555865,0.005830333,113,18,Gergana,yes,partWorld,Rissa tridactyla,Rissa tridactyla,83.31,-60.0083,179.945,-179.782,205160,143.3183,359.727,51555.4621
23,Black-legged kittiwake,Black-legged kittiwake,Rissa tridactyla,Black-legged kittiwake,1830,breeding population index (from graphic),18,-67.14695489,0.033909774,14.33067922,0.007181468,0.000184196,0.000170114,132,18,Gergana,yes,partWorld,Rissa tridactyla,Rissa tridactyla,83.31,-60.0083,179.945,-179.782,205160,143.3183,359.727,51555.4621
24,Black-legged kittiwake,Black-legged kittiwake,Rissa tridactyla,Black-legged kittiwake,1833,breeding population index (from graphic),18,56.2603652,-0.027873255,13.13741781,0.006583494,0.000448202,0.000499289,94.75,18,Gergana,yes,partWorld,Rissa tridactyla,Rissa tridactyla,83.31,-60.0083,179.945,-179.782,205160,143.3183,359.727,51555.4621
25,Black-legged kittiwake,Black-legged kittiwake,Rissa tridactyla,Black-legged kittiwake,5428,Breeding pairs,11,37.56840659,-0.018543956,48.021531,0.024107152,0.450536881,0.457955835,6515.384615,18,Gergana,yes,partWorld,Rissa tridactyla,Rissa tridactyla,83.31,-60.0083,179.945,-179.782,205160,143.3183,359.727,51555.4621
26,Black-legged kittiwake,Black-legged kittiwake,Rissa tridactyla,Black-legged kittiwake,1829,breeding population index (from graphic),6,82.88246097,-0.04135511,17.3262262,0.008692392,0.003051424,0.003134044,70.625,18,Gergana,yes,partWorld,Rissa tridactyla,Rissa tridactyla,83.31,-60.0083,179.945,-179.782,205160,143.3183,359.727,51555.4621
27,Black-legged kittiwake,Black-legged kittiwake,Rissa tridactyla,Black-legged kittiwake,6055,Breeding individuals,13,36.47517361,-0.018229167,42.49392813,0.021494095,0.406240991,0.411725432,155.9333333,18,Gergana,yes,partWorld,Rissa tridactyla,Rissa tridactyla,83.31,-60.0083,179.945,-179.782,205160,143.3183,359.727,51555.4621
28,Black-tailed godwit,Black-tailed godwit,Limosa limosa,Black-tailed godwit,1734,Index 1973=100,19,-62.47609445,0.031730815,10.39917061,0.005249431,8.83E-06,8.17E-06,102.7142857,19,Gergana,yes,partWorld,Limosa limosa,Limosa limosa,88.0083,-43.7299,176.445,-176.597,100028,131.7382,353.042,46509.1176
29,Black-tailed godwit,Black-tailed godwit,Limosa limosa,Black-tailed godwit,5144,Index,29,-55.36767492,0.027947165,4.498014761,0.002260286,4.87E-13,4.37E-13,209.3521916,19,Gergana,yes,partWorld,Limosa limosa,Limosa limosa,88.0083,-43.7299,176.445,-176.597,100028,131.7382,353.042,46509.1176
30,Bottlenose dolphin,Bottlenose dolphin,Tursiops truncatus,Bottlenose dolphin,10741,Average dolphin count per 15 mins,9,-54.1253866,0.027333077,47.62890406,0.023801421,0.285142573,0.280417606,0.705636364,22,Gergana,yes,partWorld,Tursiops truncatus,Tursiops truncatus,69.26183,-62.64999,178,-178.18333,22409,131.91182,356.18333,46984.79131
31,Bottlenose dolphin,Bottlenose dolphin,Tursiops truncatus,Bottlenose dolphin,10742,Average dolphin count per 15 mins,8,-93.92437268,0.047139055,37.84713221,0.018914067,0.038012136,0.037389432,0.35725,22,Gergana,yes,partWorld,Tursiops truncatus,Tursiops truncatus,69.26183,-62.64999,178,-178.18333,22409,131.91182,356.18333,46984.79131
32,Brown long-eared bat,Brown long-eared bat,Plecotus auritus,Brown long-eared bat,7743,Index 1999=100,13,-24.75413985,0.012580438,39.42918495,0.019675196,0.540998631,0.533664615,97.54666667,23,Gergana,yes,partWorld,Plecotus auritus,Plecotus auritus,66.87726,0,143.46667,-10.43839,26007,66.87726,153.90506,10292.74871
33,Brown trout / Sea trout,Brown trout / Sea trout,Salmo trutta,Brown trout / Sea trout,1135,Eggs per 60 mÎ_,19,16.62487469,-0.008159604,23.22816354,0.011731341,0.482867915,0.495137719,3963.333333,24,Gergana,yes,partWorld,Salmo trutta,Salmo trutta,71.12205,-54.9417,176.52515,-159.53247,216559,126.06375,336.05762,42364.68379
34,Bullfinch / Eurasian bullfinch,Bullfinch / Eurasian bullfinch,Pyrrhula pyrrhula,Bullfinch / Eurasian bullfinch,438,Index,33,58.56553561,-0.029299295,4.947498649,0.002489902,2.02E-13,2.37E-13,140.9142857,25,Gergana,yes,partWorld,Pyrrhula pyrrhula,Pyrrhula pyrrhula,80.38392,0,174.1105,-171.721,679910,80.38392,345.8315,27799.29163
35,Canada goose,Canada goose,Branta canadensis,Canada goose,293,Index of abundance,29,-60.68191182,0.030789797,3.125610635,0.001574599,3.67E-18,3.02E-18,55.09677419,26,Gergana,yes,partWorld,Branta canadensis,Branta canadensis,81.8833,-88.9917,177.858,-175.92628,3468260,170.875,353.78428,60452.88885
36,Cirl bunting,Cirl bunting,Emberiza cirlus,Cirl bunting,345,Number of breeding pairs,17,-45.36916142,0.023003186,20.74418541,0.01042222,0.043002931,0.041340464,222.1052632,31,Gergana,yes,partWorld,Emberiza cirlus,Emberiza cirlus,80.38392,-45.9848,175.017,-105.4838,28870,126.36872,280.5008,35446.52705
37,Common buzzard,Common buzzard,Buteo buteo,Common buzzard,304,Index,33,-58.56203271,0.029653837,4.498764494,0.00226407,1.50E-14,1.27E-14,48.17142857,34,Hannah,Yes,partWorld,Buteo buteo,Buteo buteo,80.38392,-34.8324,145.811,-99,417848,115.21632,244.811,28206.22252
38,Common kestrel,Common kestrel,Falco tinnunculus,Common kestrel,353,Index,33,47.33160418,-0.023620987,7.39154907,0.003719906,2.96E-07,3.46E-07,109.6285714,38,Hannah,Yes,World,Falco tinnunculus,Falco tinnunculus,80.38392,-34.8324,174.08333,-176.644,622861,115.21632,350.72733,40409.51229
39,Common murre / Common guillemot,Common murre / Common guillemot,Uria aalge,Common murre / Common guillemot,1911,breeding population index (from graphic),17,-103.2035088,0.051929825,7.59449255,0.003806749,1.47E-10,1.38E-10,149.4736842,41,Hannah,Yes,World,Uria aalge,Uria aalge,81.61,-18.3417,179.589,-179.478,308405,99.9517,359.067,35889.35706
40,Common murre / Common guillemot,Common murre / Common guillemot,Uria aalge,Common murre / Common guillemot,1914,breeding population index (from graphic),18,-6.931077694,0.003822055,18.68662714,0.009364344,0.715033019,0.687977835,116.75,41,Hannah,Yes,World,Uria aalge,Uria aalge,81.61,-18.3417,179.589,-179.478,308405,99.9517,359.067,35889.35706
41,Common murre / Common guillemot,Common murre / Common guillemot,Uria aalge,Common murre / Common guillemot,1915,breeding population index (from graphic),6,-59.68341905,0.030076029,32.01848401,0.016063386,0.111598568,0.110321225,121.25,41,Hannah,Yes,World,Uria aalge,Uria aalge,81.61,-18.3417,179.589,-179.478,308405,99.9517,359.067,35889.35706
42,Common murre / Common guillemot,Common murre / Common guillemot,Uria aalge,Common murre / Common guillemot,1917,breeding population index (from graphic),18,-78.62293233,0.039614662,14.11832587,0.007075052,2.76E-05,2.59E-05,124.25,41,Hannah,Yes,World,Uria aalge,Uria aalge,81.61,-18.3417,179.589,-179.478,308405,99.9517,359.067,35889.35706
43,Common murre / Common guillemot,Common murre / Common guillemot,Uria aalge,Common murre / Common guillemot,1913,breeding population index (from graphic),16,-91.83746787,0.046234216,15.92890981,0.007983047,2.90E-05,2.75E-05,124.4444444,41,Hannah,Yes,World,Uria aalge,Uria aalge,81.61,-18.3417,179.589,-179.478,308405,99.9517,359.067,35889.35706
44,Common murre / Common guillemot,Common murre / Common guillemot,Uria aalge,Common murre / Common guillemot,1920,breeding population index (from graphic),16,-71.3717628,0.035919947,14.3003424,0.007166862,0.000133289,0.000127753,166.1111111,41,Hannah,Yes,World,Uria aalge,Uria aalge,81.61,-18.3417,179.589,-179.478,308405,99.9517,359.067,35889.35706
45,Common murre / Common guillemot,Common murre / Common guillemot,Uria aalge,Common murre / Common guillemot,1924,breeding population index (from graphic),18,-99.86559255,0.050232725,7.190849293,0.003603518,4.64E-11,4.37E-11,178.5,41,Hannah,Yes,World,Uria aalge,Uria aalge,81.61,-18.3417,179.589,-179.478,308405,99.9517,359.067,35889.35706
46,Common murre / Common guillemot,Common murre / Common guillemot,Uria aalge,Common murre / Common guillemot,5427,Breeding pairs,11,-129.4144918,0.065161401,33.36867727,0.016751314,0.002570785,0.002519898,13576.92308,41,Hannah,Yes,World,Uria aalge,Uria aalge,81.61,-18.3417,179.589,-179.478,308405,99.9517,359.067,35889.35706
47,Common murre / Common guillemot,Common murre / Common guillemot,Uria aalge,Common murre / Common guillemot,8542,Population estimate,18,-115.3949906,0.058077664,8.391362434,0.004207234,5.47E-11,5.13E-11,9564.15,41,Hannah,Yes,World,Uria aalge,Uria aalge,81.61,-18.3417,179.589,-179.478,308405,99.9517,359.067,35889.35706
48,Common murre / Common guillemot,Common murre / Common guillemot,Uria aalge,Common murre / Common guillemot,1918,breeding population index (from graphic),18,56.18390977,-0.027819549,18.66594459,0.00935398,0.00752055,0.00813054,83.5,41,Hannah,Yes,World,Uria aalge,Uria aalge,81.61,-18.3417,179.589,-179.478,308405,99.9517,359.067,35889.35706
49,Common pipistrelle,Common pipistrelle,Pipistrellus pipistrellus,Common pipistrelle,7736,Index 1999 = 100,12,-155.0720658,0.07768084,11.50546276,0.005739805,1.31E-08,1.25E-08,138.3857143,42,Hannah,Yes,Europe,Pipistrellus pipistrellus,Pipistrellus pipistrellus,62.95126,-6.96667,120.45,-99,128162,69.91793,219.45,15343.48974
50,Common pochard / European pochard,Common pochard / European pochard,Aythya ferina,Common pochard / European pochard,5148,Index,29,36.37372755,-0.018079513,5.686520813,0.002858956,5.40E-07,6.58E-07,128.8067742,43,Hannah,Yes,partWorld,Aythya ferina,Aythya ferina,80.38392,3.6583,175.93333,-176.655,280577,76.72562,352.58833,27052.55822
51,Common pochard / European pochard,Common pochard / European pochard,Aythya ferina,Common pochard / European pochard,1234,Index,14,100.6948529,-0.050735294,22.11569037,0.011183631,0.000451025,0.000465483,122.1875,43,Hannah,Yes,partWorld,Aythya ferina,Aythya ferina,80.38392,3.6583,175.93333,-176.655,280577,76.72562,352.58833,27052.55822
52,Common raven / Raven,Common raven / Raven,Corvus corax,Common raven / Raven,10977,Index,15,-58.31782607,0.029349248,29.96538539,0.01496768,0.070615175,0.068737694,120.0144176,44,Hannah,Yes,World,Corvus corax,Corvus corax,81.8167,0,179.20143,-176.7659,1681601,81.8167,355.96733,29124.07225
53,Common ringed plover / Ringed plover,Common ringed plover / Ringed plover,Charadrius hiaticula,Common ringed plover / Ringed plover,5986,Index 1973 = 100,19,-32.19342347,0.016482832,17.96112305,0.009066653,0.089008316,0.084873245,102.1095238,45,Hannah,Yes,World,Charadrius hiaticula,Charadrius hiaticula,83.033,-70.0416,179.3,-174.43042,384038,153.0746,353.73042,54147.14255
54,Common tern,Common tern,Sterna hirundo,Common tern,9063,Number of pairs breeding in Wales,17,-23.74426336,0.012174055,26.7257984,0.013446343,0.386702663,0.377917156,480.5263158,49,Hannah,Yes,World,Sterna hirundo,Sterna hirundo,84.575,-70.0583,178.784,-176.58333,593489,154.6333,355.36733,54951.62295
55,Corn bunting,Corn bunting,Miliaria calandra,Corn bunting,383,Index,33,67.36505836,-0.033725555,4.3900996,0.002209382,1.40E-16,1.63E-16,425.5142857,52,Hannah,Yes,partWorld,Miliaria calandra,Emberiza calandra,59.42522,0,44.02541,-10.15633,9376,59.42522,54.18174,3219.761819
56,Corncrake,Corncrake,Crex crex,Corncrake,337,Number of breeding pairs,9,38.14736739,-0.018870255,25.73897335,0.012918137,0.172460988,0.178094618,621.8181818,53,Hannah,Yes,partWorld,Crex crex,Crex crex,80.38392,-41.93,151.25,-76.533,160942,122.31392,227.783,27861.03164
57,Daubenton's bat,Daubenton's bat,Myotis daubentonii,Daubenton's bat,7735,Index 1999=100,13,-111.2001058,0.055793651,26.37425207,0.013160774,0.001008589,0.000966065,102.3466667,54,Hannah,Yes,Europe,Myotis daubentonii,Myotis daubentoni,62.09321,35.87028,147.7687112,-3.44062,1536,26.22293,151.2093312,3965.151709
58,Dragonet,Dragonet,Callionymus lyra,Dragonet,4925,Average catch - individualas per one hour fishing,20,25.34107543,-0.012700189,14.43307764,0.007282367,0.094433487,0.096516865,5.431818182,55,Hannah,Yes,partWorld,Callionymus lyra,Callionymus lyra,71.183,0,27.5,-25,5896,71.183,52.5,3737.1075
59,Dunlin,Dunlin,Calidris alpina,Dunlin,5979,Index 1973 = 100,19,44.5609082,-0.022267976,20.54855215,0.010372769,0.043015688,0.044933489,88.18095238,56,Hannah,Yes,World,Calidris alpina,Calidris alpina,85.7583,-51.6858,179.2,-179.478,703283,137.4441,358.678,49298.1749
60,Eurasian curlew,Eurasian curlew,Numenius arquata,Eurasian curlew,6028,Index 1973 = 100,19,-46.24712586,0.023599004,19.71808414,0.009953555,0.030014287,0.02847325,111.7095238,58,Hannah,Yes,partWorld,Numenius arquata,Numenius arquata,80.38392,-36.3217,145.237,-124.15296,517980,116.70562,269.38996,31439.3223
61,Eurasian golden plover,Eurasian golden plover,Pluvialis apricaria,Eurasian golden plover,12571,Abundance index,28,-52.43800232,0.026568871,6.463698573,0.003257061,7.83E-09,7.02E-09,731.7,59,Hannah,Yes,partWorld,Pluvialis apricaria,Pluvialis apricaria,80.38392,-38.63,145.73,-155.08348,312879,119.01392,300.81348,35800.99144
62,Eurasian golden-oriole / Golden oriole,Eurasian golden-oriole / Golden oriole,Oriolus oriolus,Eurasian golden-oriole / Golden oriole,5137,Maximum number of pairs,30,-3.539752913,0.002026036,10.72540803,0.00539366,0.743667645,0.709832856,23.09375,60,Hannah,Yes,partWorld,Oriolus oriolus,Oriolus oriolus,80.38392,-34.625,112.148,-83.14313,56992,115.00892,195.29113,22460.22195
63,Eurasian oystercatcher,Eurasian oystercatcher,Haematopus ostralegus,Eurasian oystercatcher,6016,Index 1973 = 100,19,-85.21231681,0.04328943,8.912999486,0.004499222,1.08E-08,9.76E-09,130.6095238,63,Hannah,Yes,World,Haematopus ostralegus,Haematopus ostralegus,80.38392,-45.63458,175.31667,-163.125,501590,126.0185,338.44167,42649.91159
64,Eurasian skylark,Eurasian skylark,Alauda arvensis,Eurasian skylark,270,Index,33,67.49569001,-0.033774043,4.542709692,0.002286186,3.55E-16,4.19E-16,162,66,John,Yes,partWorld,Alauda arvensis,Alauda arvensis,80.38392,-50.4946,178.546,-176.827,600489,130.87852,355.373,46510.69229
65,Eurasian sparrowhawk / Northern sparrowhawk,Eurasian sparrowhawk / Northern sparrowhawk,Accipiter nisus,Eurasian sparrowhawk / Northern sparrowhawk,267,Index,29,-68.32299591,0.034671401,4.420590562,0.002222497,1.55E-15,1.22E-15,78.77419355,67,John,Yes,partWorld,Accipiter nisus,Accipiter nisus,88.425,-16.9583,150.8,-115.77403,404606,105.3833,266.57403,28092.45098
66,Eurasian thick-knee / Stone curlew,Eurasian thick-knee / Stone curlew,Burhinus oedicnemus,Eurasian thick-knee / Stone curlew,303,Number of breeding birds,10,31.58953581,-0.015726291,21.11904782,0.010599189,0.165584972,0.16870115,203.3333333,68,John,Yes,partWorld,Burhinus oedicnemus,Burhinus oedicnemus,88.425,-16.6417,106.66666,-117.15082,21643,105.0667,223.81748,23515.76403
67,Eurasian wigeon,Eurasian wigeon,Mareca penelope,Eurasian wigeon,12536,Population index,20,-51.25669747,0.026072343,15.26899688,0.007709628,0.003137874,0.002963166,108.0181818,70,John,Yes,World,Mareca penelope,Anas penelope,88.425,-24.8596,179,-177.383,704175,113.2846,356.383,40372.7056
68,European rabbit,European rabbit,Oryctolagus cuniculus,European rabbit,5865,Mean percentage of sections with rabbit signs,7,-135.9988636,0.068939394,47.64073248,0.024089327,0.024523722,0.024274202,23.44444444,76,John,Yes,World,Oryctolagus cuniculus,Oryctolagus cuniculus,65.3483,-54.61872822,177.26533,-171.728,80149,119.9670282,348.99333,41867.69267
69,European rabbit,European rabbit,Oryctolagus cuniculus,European rabbit,5866,Mean percentage of sections with rabbit signs,7,-178.2115152,0.09030303,30.38366707,0.015363367,0.000620845,0.000613071,26.44444444,76,John,Yes,World,Oryctolagus cuniculus,Oryctolagus cuniculus,65.3483,-54.61872822,177.26533,-171.728,80149,119.9670282,348.99333,41867.69267
70,European rabbit,European rabbit,Oryctolagus cuniculus,European rabbit,5867,Mean percentage of sections with rabbit signs,6,-192.5872798,0.097586432,37.45111717,0.018936191,0.002131088,0.002108179,40.5,76,John,Yes,World,Oryctolagus cuniculus,Oryctolagus cuniculus,65.3483,-54.61872822,177.26533,-171.728,80149,119.9670282,348.99333,41867.69267
71,European rabbit,European rabbit,Oryctolagus cuniculus,European rabbit,5869,Mean percentage of sections with rabbit signs,7,-119.5151515,0.060606061,51.69776651,0.026140748,0.054042904,0.053516359,23.55555556,76,John,Yes,World,Oryctolagus cuniculus,Oryctolagus cuniculus,65.3483,-54.61872822,177.26533,-171.728,80149,119.9670282,348.99333,41867.69267
72,European rabbit,European rabbit,Oryctolagus cuniculus,European rabbit,5870,Mean percentage of sections with rabbit signs,6,-169.3215205,0.085847953,38.450585,0.019440318,0.004550593,0.004490361,32.5,76,John,Yes,World,Oryctolagus cuniculus,Oryctolagus cuniculus,65.3483,-54.61872822,177.26533,-171.728,80149,119.9670282,348.99333,41867.69267
73,European rabbit,European rabbit,Oryctolagus cuniculus,European rabbit,5868,Mean percentage of sections with rabbit signs,7,-166.802635,0.08458498,23.93693372,0.012103605,0.000217586,0.000213746,42,76,John,Yes,World,Oryctolagus cuniculus,Oryctolagus cuniculus,65.3483,-54.61872822,177.26533,-171.728,80149,119.9670282,348.99333,41867.69267
74,European roe deer,European roe deer,Capreolus capreolus,European roe deer,11499,Estimated deer number,18,-80.70598957,0.040982042,10.46714054,0.005285078,4.13E-07,3.81E-07,1541.527,77,John,Yes,Europe,Capreolus capreolus,Capreolus capreolus,70.46655,-51.62,117.71434,-116.03133,94217,122.08655,233.74567,28537.20243
75,European shag,European shag,Phalacrocorax aristotelis,European shag,1766,breeding population index (from graphic),18,25.4443609,-0.012531328,23.38838924,0.011720517,0.290989712,0.299118181,116,78,John,Yes,partWorld,Phalacrocorax aristotelis,Phalacrocorax aristotelis,81.61,-4.0083,175.55,-177.25,75084,85.6183,352.8,30206.13624
76,European shag,European shag,Phalacrocorax aristotelis,European shag,1769,breeding population index (from graphic),18,76.82368421,-0.038277512,21.11442746,0.010580977,0.001879354,0.001968683,73.5,78,John,Yes,partWorld,Phalacrocorax aristotelis,Phalacrocorax aristotelis,81.61,-4.0083,175.55,-177.25,75084,85.6183,352.8,30206.13624
77,European shag,European shag,Phalacrocorax aristotelis,European shag,1770,breeding population index (from graphic),18,77.42763158,-0.038596491,12.8204906,0.006424674,1.04E-05,1.11E-05,64.5,78,John,Yes,partWorld,Phalacrocorax aristotelis,Phalacrocorax aristotelis,81.61,-4.0083,175.55,-177.25,75084,85.6183,352.8,30206.13624
78,European shag,European shag,Phalacrocorax aristotelis,European shag,5429,Breeding pairs,11,150.3831502,-0.075274725,32.06236745,0.016095538,0.000660403,0.000675112,1053.846154,78,John,Yes,partWorld,Phalacrocorax aristotelis,Phalacrocorax aristotelis,81.61,-4.0083,175.55,-177.25,75084,85.6183,352.8,30206.13624
79,European shag,European shag,Phalacrocorax aristotelis,European shag,1768,breeding population index (from graphic),18,58.69794486,-0.029223058,14.79126261,0.007412278,0.000901033,0.000954553,185,78,John,Yes,partWorld,Phalacrocorax aristotelis,Phalacrocorax aristotelis,81.61,-4.0083,175.55,-177.25,75084,85.6183,352.8,30206.13624
80,European shag,European shag,Phalacrocorax aristotelis,European shag,9105,Nest count,32,22.06125888,-0.010871125,9.455491255,0.00475264,0.026085199,0.028929516,964.7058824,78,John,Yes,partWorld,Phalacrocorax aristotelis,Phalacrocorax aristotelis,81.61,-4.0083,175.55,-177.25,75084,85.6183,352.8,30206.13624
81,European turtle-dove,European turtle-dove,Streptopelia turtur,European turtle-dove,446,Index,33,67.78349037,-0.033868093,1.957276723,0.000985028,1.60E-27,2.01E-27,297.0857143,81,John,Yes,partWorld,Streptopelia turtur,Streptopelia turtur,85.0917,-25.875,131.126,-179,64681,110.9667,310.126,34413.6588
82,Flounder / brill,Flounder / brill,Scophthalmus rhombus,Flounder / brill,1545,Density/Individuals caught per hour,19,6.297477159,-0.003076121,18.76681859,0.00946426,0.740876288,0.748713793,0.134066667,82,John,no_download,partEurope,Scophthalmus rhombus,Scophthalmus rhombus,62.47194,-8.1,29.1168,-55,2592,70.57194,84.1168,5936.285763
83,Fulmar / Northern fulmar,Fulmar / Northern fulmar,Fulmarus glacialis,Fulmar / Northern fulmar,1666,Breeding population index (from graphic),18,2.84556391,-0.00112782,20.86502508,0.010455995,0.893034936,0.915297249,109.75,83,John,Yes,partWorld,Fulmarus glacialis,Fulmarus glacialis,82,-70.66667,179.945,-179.941,170228,152.66667,359.886,54942.5972
84,Fulmar / Northern fulmar,Fulmar / Northern fulmar,Fulmarus glacialis,Fulmar / Northern fulmar,1668,breeding population index (from graphic),18,12.77580314,-0.006151743,22.85277905,0.011452109,0.583018218,0.597727777,102.5,83,John,Yes,partWorld,Fulmarus glacialis,Fulmarus glacialis,82,-70.66667,179.945,-179.941,170228,152.66667,359.886,54942.5972
85,Fulmar / Northern fulmar,Fulmar / Northern fulmar,Fulmarus glacialis,Fulmar / Northern fulmar,1669,breeding population index (from graphic),18,1.134759977,-0.000289184,19.92781916,0.009986337,0.95521755,0.977216733,136.25,83,John,Yes,partWorld,Fulmarus glacialis,Fulmarus glacialis,82,-70.66667,179.945,-179.941,170228,152.66667,359.886,54942.5972
86,Fulmar / Northern fulmar,Fulmar / Northern fulmar,Fulmarus glacialis,Fulmar / Northern fulmar,1673,breeding population index (from graphic),18,-74.239599,0.037531328,11.9353582,0.005981112,7.20E-06,6.45E-06,139.25,83,John,Yes,partWorld,Fulmarus glacialis,Fulmarus glacialis,82,-70.66667,179.945,-179.941,170228,152.66667,359.886,54942.5972
87,Fulmar / Northern fulmar,Fulmar / Northern fulmar,Fulmarus glacialis,Fulmar / Northern fulmar,1676,breeding population index (from graphic),18,51.69466849,-0.025700615,19.18336554,0.009613273,0.014815415,0.015500378,97.5,83,John,Yes,partWorld,Fulmarus glacialis,Fulmarus glacialis,82,-70.66667,179.945,-179.941,170228,152.66667,359.886,54942.5972
88,Fulmar / Northern fulmar,Fulmar / Northern fulmar,Fulmarus glacialis,Fulmar / Northern fulmar,6012,Breeding individuals,10,3.602078477,-0.001651127,51.38208724,0.026009622,0.945493172,0.950634198,512.5,83,John,Yes,partWorld,Fulmarus glacialis,Fulmarus glacialis,82,-70.66667,179.945,-179.941,170228,152.66667,359.886,54942.5972
89,Fulmar / Northern fulmar,Fulmar / Northern fulmar,Fulmarus glacialis,Fulmar / Northern fulmar,1667,breeding population index (from graphic),6,-77.23088104,0.039020572,32.55992249,0.01633502,0.055372234,0.05411708,121.875,83,John,Yes,partWorld,Fulmarus glacialis,Fulmarus glacialis,82,-70.66667,179.945,-179.941,170228,152.66667,359.886,54942.5972
90,Grass snake,Grass snake,Natrix natrix,Grass snake,10389,Number of individuals,10,-25.97155689,0.013196684,47.30766398,0.023617377,0.595055494,0.588611594,16.25,88,John,Yes,partWorld,Natrix natrix,Natrix natrix,64.49926,-7.5,110,-99,26966,71.99926,209,15047.84534
91,Great bittern / European bittern,Great bittern / European bittern,Botaurus stellaris,Great bittern / European bittern,1252,Number of booming males,29,64.32827621,-0.032200941,4.355334011,0.002194101,5.00E-15,5.89E-15,36.56451613,89,John,Yes,partWorld,Botaurus stellaris,Botaurus stellaris,88.0083,-73.8417,141.735,-34.0083,95332,161.85,175.7433,28444.05311
92,Great bittern / European bittern,Great bittern / European bittern,Botaurus stellaris,Great bittern / European bittern,1257,Number of booming bitterns recorded,13,35.88214286,-0.017857143,40.47989431,0.020372319,0.391495027,0.39664548,1.8,89,John,Yes,partWorld,Botaurus stellaris,Botaurus stellaris,88.0083,-73.8417,141.735,-34.0083,95332,161.85,175.7433,28444.05311
93,Great bittern / European bittern,Great bittern / European bittern,Botaurus stellaris,Great bittern / European bittern,1258,Numbers of Booming Bitterns recorded,14,162.6022059,-0.081617647,28.35024884,0.014271418,5.15E-05,5.31E-05,0.9375,89,John,Yes,partWorld,Botaurus stellaris,Botaurus stellaris,88.0083,-73.8417,141.735,-34.0083,95332,161.85,175.7433,28444.05311
94,Great bittern / European bittern,Great bittern / European bittern,Botaurus stellaris,Great bittern / European bittern,1260,Numbers of booming bitterns recorded,27,21.91955996,-0.010820101,10.18437701,0.005116393,0.040475689,0.043821821,5.965517241,89,John,Yes,partWorld,Botaurus stellaris,Botaurus stellaris,88.0083,-73.8417,141.735,-34.0083,95332,161.85,175.7433,28444.05311
95,Great bittern / European bittern,Great bittern / European bittern,Botaurus stellaris,Great bittern / European bittern,1261,Numbers of booming bitterns recorded,14,-84.03088235,0.042647059,48.3440313,0.02433622,0.104112417,0.101565288,0.6875,89,John,Yes,partWorld,Botaurus stellaris,Botaurus stellaris,88.0083,-73.8417,141.735,-34.0083,95332,161.85,175.7433,28444.05311
96,Great bittern / European bittern,Great bittern / European bittern,Botaurus stellaris,Great bittern / European bittern,1262,Numbers of booming bitterns recorded,14,-36.29779412,0.018382353,33.69496029,0.016961928,0.299582805,0.296791021,0.4375,89,John,Yes,partWorld,Botaurus stellaris,Botaurus stellaris,88.0083,-73.8417,141.735,-34.0083,95332,161.85,175.7433,28444.05311
97,Great bittern / European bittern,Great bittern / European bittern,Botaurus stellaris,Great bittern / European bittern,1259,Numbers of booming bitterns recorded,14,138.0255882,-0.069264706,14.77140906,0.007435877,2.15E-07,2.23E-07,7.3125,89,John,Yes,partWorld,Botaurus stellaris,Botaurus stellaris,88.0083,-73.8417,141.735,-34.0083,95332,161.85,175.7433,28444.05311
98,Great bittern / European bittern,Great bittern / European bittern,Botaurus stellaris,Great bittern / European bittern,1264,Numbers of booming bitterns recorded,12,-104.2637363,0.052747253,33.9293308,0.017071326,0.009663363,0.00936554,1.142857143,89,John,Yes,partWorld,Botaurus stellaris,Botaurus stellaris,88.0083,-73.8417,141.735,-34.0083,95332,161.85,175.7433,28444.05311
99,Great bittern / European bittern,Great bittern / European bittern,Botaurus stellaris,Great bittern / European bittern,1265,Numbers of booming bitterns recorded,14,64.64411765,-0.032352941,27.22598467,0.013705468,0.032421117,0.033284636,0.75,89,John,Yes,partWorld,Botaurus stellaris,Botaurus stellaris,88.0083,-73.8417,141.735,-34.0083,95332,161.85,175.7433,28444.05311
100,Great bittern / European bittern,Great bittern / European bittern,Botaurus stellaris,Great bittern / European bittern,1266,Numbers of booming bitterns recorded,10,111.035124,-0.055785124,29.1971204,0.014685418,0.003469021,0.003493382,0.25,89,John,Yes,partWorld,Botaurus stellaris,Botaurus stellaris,88.0083,-73.8417,141.735,-34.0083,95332,161.85,175.7433,28444.05311
101,Great bittern / European bittern,Great bittern / European bittern,Botaurus stellaris,Great bittern / European bittern,1267,Numbers of booming bitterns recorded,12,105.7930596,-0.053062598,18.62607729,0.009374953,0.000102336,0.000105589,4.214285714,89,John,Yes,partWorld,Botaurus stellaris,Botaurus stellaris,88.0083,-73.8417,141.735,-34.0083,95332,161.85,175.7433,28444.05311
102,Great bittern / European bittern,Great bittern / European bittern,Botaurus stellaris,Great bittern / European bittern,1268,Numbers of booming bitterns recorded,14,128.2918301,-0.064379085,15.24822106,0.007675902,7.58E-07,7.87E-07,23.875,89,John,Yes,partWorld,Botaurus stellaris,Botaurus stellaris,88.0083,-73.8417,141.735,-34.0083,95332,161.85,175.7433,28444.05311
103,Great bittern / European bittern,Great bittern / European bittern,Botaurus stellaris,Great bittern / European bittern,1256,Number of booming bitterns recorded,14,-33.18897059,0.016911765,28.96709316,0.014581936,0.271107607,0.265538125,0.8125,89,John,Yes,partWorld,Botaurus stellaris,Botaurus stellaris,88.0083,-73.8417,141.735,-34.0083,95332,161.85,175.7433,28444.05311
104,Great bittern / European bittern,Great bittern / European bittern,Botaurus stellaris,Great bittern / European bittern,1263,Numbers of booming bitterns recorded,12,78.4636675,-0.039433491,27.34035799,0.013757112,0.014092829,0.014184094,0.285714286,89,John,Yes,partWorld,Botaurus stellaris,Botaurus stellaris,88.0083,-73.8417,141.735,-34.0083,95332,161.85,175.7433,28444.05311
105,Great cormorant / Cormorant,Great cormorant / Cormorant,Phalacrocorax carbo,Great cormorant / Cormorant,1780,breeding population index (from graphic),14,94.58218589,-0.04711704,19.52786611,0.009777345,0.00026044,0.000272658,83.4375,91,John,Yes,partWorld,Phalacrocorax carbo,Phalacrocorax carbo,81.61,-54.75,178.245,-177.25,929665,136.36,355.495,48475.2982
106,Great cormorant / Cormorant,Great cormorant / Cormorant,Phalacrocorax carbo,Great cormorant / Cormorant,1781,breeding population index (from graphic),18,56.53625731,-0.028070175,19.41268828,0.009728192,0.009294339,0.00985003,103.5,91,John,Yes,partWorld,Phalacrocorax carbo,Phalacrocorax carbo,81.61,-54.75,178.245,-177.25,929665,136.36,355.495,48475.2982
107,Great cormorant / Cormorant,Great cormorant / Cormorant,Phalacrocorax carbo,Great cormorant / Cormorant,1783,breeding population index (from graphic),15,-81.0762219,0.040778167,15.48801517,0.00776018,0.000100827,9.70E-05,192.9411765,91,John,Yes,partWorld,Phalacrocorax carbo,Phalacrocorax carbo,81.61,-54.75,178.245,-177.25,929665,136.36,355.495,48475.2982
108,Great cormorant / Cormorant,Great cormorant / Cormorant,Phalacrocorax carbo,Great cormorant / Cormorant,1784,breeding population index (from graphic),16,19.85405135,-0.009663195,25.28958863,0.01267962,0.443883618,0.457085827,106.9444444,91,John,Yes,partWorld,Phalacrocorax carbo,Phalacrocorax carbo,81.61,-54.75,178.245,-177.25,929665,136.36,355.495,48475.2982
109,Great cormorant / Cormorant,Great cormorant / Cormorant,Phalacrocorax carbo,Great cormorant / Cormorant,1785,breeding population index (from graphic),16,75.84829721,-0.037808425,24.25327869,0.012160038,0.006496739,0.006748042,74.16666667,91,John,Yes,partWorld,Phalacrocorax carbo,Phalacrocorax carbo,81.61,-54.75,178.245,-177.25,929665,136.36,355.495,48475.2982
110,Great cormorant / Cormorant,Great cormorant / Cormorant,Phalacrocorax carbo,Great cormorant / Cormorant,1782,breeding population index (from graphic),18,-91.50483026,0.046024151,9.759803145,0.004890886,2.39E-08,2.26E-08,211,91,John,Yes,partWorld,Phalacrocorax carbo,Phalacrocorax carbo,81.61,-54.75,178.245,-177.25,929665,136.36,355.495,48475.2982
111,Great cormorant / Cormorant,Great cormorant / Cormorant,Phalacrocorax carbo,Great cormorant / Cormorant,1788,breeding population index (from graphic),18,-37.4984127,0.019047619,19.77938283,0.009911952,0.074153933,0.070623071,103,91,John,Yes,partWorld,Phalacrocorax carbo,Phalacrocorax carbo,81.61,-54.75,178.245,-177.25,929665,136.36,355.495,48475.2982
112,Great cormorant / Cormorant,Great cormorant / Cormorant,Phalacrocorax carbo,Great cormorant / Cormorant,1786,breeding population index (from graphic),18,78.48318524,-0.039097744,16.31353542,0.008175128,0.00014002,0.000148975,100.5,91,John,Yes,partWorld,Phalacrocorax carbo,Phalacrocorax carbo,81.61,-54.75,178.245,-177.25,929665,136.36,355.495,48475.2982
113,Great skua,Great skua,Catharacta skua,Great skua,12088,Number of apparently occupied territories,39,-51.79345722,0.026222738,2.08340553,0.001046919,1.58E-25,1.20E-25,107.2439024,93,John,Yes,partWorld,Catharacta skua,Stercorarius skua,77.525,-77.967,158.966,-117.8167,1977,155.492,276.7827,43037.49559
114,Great skua,Great skua,Catharacta skua,Great skua,12093,Number of apparently occupied territories,27,12.66337165,-0.006327994,7.797789218,0.003920422,0.116001291,0.118131397,2664.896552,93,John,Yes,partWorld,Catharacta skua,Stercorarius skua,77.525,-77.967,158.966,-117.8167,1977,155.492,276.7827,43037.49559
115,Great skua,Great skua,Catharacta skua,Great skua,12094,Number of apparently occupied territories,15,-54.10865567,0.027391523,10.39821915,0.00524021,0.000107005,0.000102299,62.94117647,93,John,Yes,partWorld,Catharacta skua,Stercorarius skua,77.525,-77.967,158.966,-117.8167,1977,155.492,276.7827,43037.49559
116,Great skua,Great skua,Catharacta skua,Great skua,12100,Number of apparently occupied territories,19,-103.0896722,0.052285377,8.563985869,0.004325225,2.46E-10,2.29E-10,40.52380952,93,John,Yes,partWorld,Catharacta skua,Stercorarius skua,77.525,-77.967,158.966,-117.8167,1977,155.492,276.7827,43037.49559
117,Great spotted woodpecker,Great spotted woodpecker,Dendrocopos major,Great spotted woodpecker,342,Index,33,-36.8520857,0.018744795,4.026666625,0.002026479,1.42E-10,1.10E-10,61.14285714,94,John,Yes,partWorld,Dendrocopos major,Dendrocopos major,89.0083,-60.41445,174.1105,-169.607,797434,149.42275,343.7175,51359.21407
118,Greater horseshoe bat,Greater horseshoe bat,Rhinolophus ferrumequinum,Greater horseshoe bat,4798,Population Index,13,-127.4487852,0.063848397,28.54106406,0.014242015,0.000636317,0.000616061,106.6666667,97,Claudia,Yes,partWorld,Rhinolophus ferrumequinum,Rhinolophus ferrumequinum,53.26132,-0.25,141.38222,-9.18,13047,53.51132,150.56222,8056.783134
119,Greater horseshoe bat,Greater horseshoe bat,Rhinolophus ferrumequinum,Greater horseshoe bat,7739,Index 1999=100,13,-129.0373966,0.064644236,28.37904252,0.014161166,0.000548209,0.000530537,105.8,97,Claudia,Yes,partWorld,Rhinolophus ferrumequinum,Rhinolophus ferrumequinum,53.26132,-0.25,141.38222,-9.18,13047,53.51132,150.56222,8056.783134
120,Greater white-fronted goose / White-fronted goose,Greater white-fronted goose / White-fronted goose,Anser albifrons,Greater white-fronted goose / White-fronted goose,5145,Index,30,54.1205869,-0.026899701,6.984851541,0.00351082,1.21E-08,1.51E-08,241.7259375,99,Claudia,Yes ,World,Anser albifrons,Anser albifrons,80.38392,-29.36667,179,-177.379,253104,109.75059,356.379,39112.80551
121,Greater white-fronted goose / White-fronted goose,Greater white-fronted goose / White-fronted goose,Anser albifrons,Greater white-fronted goose / White-fronted goose,1596,Peak winter numbers (from graphic),25,3.952010952,-0.001905502,10.70957039,0.005400649,0.715222188,0.727174668,7722.222222,99,Claudia,Yes ,World,Anser albifrons,Anser albifrons,80.38392,-29.36667,179,-177.379,253104,109.75059,356.379,39112.80551
122,Greenshank / Common greenshank,Greenshank / Common greenshank,Tringa nebularia,Greenshank / Common greenshank,6065,Breeding females,11,-37.54615385,0.019230769,42.47433114,0.021495068,0.395620834,0.390125318,16.53846154,101,Claudia,Yes ,World,Tringa nebularia,Tringa nebularia,80.38392,-54.5,177.042,-176.644,445465,134.88392,353.686,47706.55413
123,Grey heron,Grey heron,Ardea cinerea,Grey heron,10976,Index,15,-53.07860921,0.026746135,34.88547979,0.017425262,0.148930886,0.145627719,112.4806118,102,Claudia,Yes ,World,Ardea cinerea,Ardea cinerea,80.38392,-70.0583,153,-170.297,894236,150.44222,323.297,48637.5184
124,Grey partridge,Grey partridge,Perdix perdix,Grey partridge,422,Index,33,65.4668299,-0.032761824,4.461350944,0.002245241,5.08E-16,5.97E-16,368.5142857,103,Claudia,Yes,partWorld,Perdix perdix,Perdix perdix,80.38392,-3.5083,131.126,-123.60266,132995,83.89222,254.72866,21369.75279
125,Grey plover / Black-bellied plover,Grey plover / Black-bellied plover,Pluvialis squatarola,Grey plover / Black-bellied plover,6047,Index 1973 = 100,19,-95.20995287,0.04826286,7.884931681,0.00398026,2.33E-10,2.17E-10,236.1952381,104,Claudia,Yes ,World,Pluvialis squatarola,Pluvialis squatarola,82.5291,-70.0583,178.784,-177.376,490891,152.5874,356.16,54345.52838
126,Grey seal,Grey seal,Halichoerus grypus,Grey seal,1953,Pup production estimates for islands in the Orkney group,28,-60.62892468,0.030640702,9.157245525,0.004610772,3.50E-07,3.28E-07,131.8,105,Claudia,Yes,UK,Halichoerus grypus,Halichoerus grypus,74.64909,32.5592,31.16715,-80.2925,65042,42.08989,111.45965,4691.324408
127,Grey seal,Grey seal,Halichoerus grypus,Grey seal,1954,Pup production estimates for islands in the Outer Hebrides group,26,51.32383705,-0.025634779,6.57848896,0.003310969,2.82E-08,3.25E-08,127.3214286,105,Claudia,Yes,UK,Halichoerus grypus,Halichoerus grypus,74.64909,32.5592,31.16715,-80.2925,65042,42.08989,111.45965,4691.324408
128,Grey seal,Grey seal,Halichoerus grypus,Grey seal,1955,Pup production estimates for islands in the Outer Hebrides group,26,-42.74489132,0.021698768,6.611302088,0.003327484,7.49E-07,6.51E-07,861.1785714,105,Claudia,Yes,UK,Halichoerus grypus,Halichoerus grypus,74.64909,32.5592,31.16715,-80.2925,65042,42.08989,111.45965,4691.324408
129,Grey seal,Grey seal,Halichoerus grypus,Grey seal,1952,Pup production estimates,28,0.993731231,-0.000276082,9.993085664,0.005031627,0.921495991,0.956632137,167.0333333,105,Claudia,Yes,UK,Halichoerus grypus,Halichoerus grypus,74.64909,32.5592,31.16715,-80.2925,65042,42.08989,111.45965,4691.324408
130,Grey seal,Grey seal,Halichoerus grypus,Grey seal,1957,Pup production estimates for islands in the Orkney group,28,-50.63675032,0.025586833,8.020404881,0.004038361,7.91E-07,7.45E-07,456.0666667,105,Claudia,Yes,UK,Halichoerus grypus,Halichoerus grypus,74.64909,32.5592,31.16715,-80.2925,65042,42.08989,111.45965,4691.324408
131,Grey seal,Grey seal,Halichoerus grypus,Grey seal,1958,Pup production estimates for islands in the Outer Hebrides group,26,12.64601413,-0.006175883,8.06226958,0.004057759,0.128846019,0.14008128,366.6785714,105,Claudia,Yes,UK,Halichoerus grypus,Halichoerus grypus,74.64909,32.5592,31.16715,-80.2925,65042,42.08989,111.45965,4691.324408
132,Grey seal,Grey seal,Halichoerus grypus,Grey seal,1959,Pup production estimates for islands in the Outer Hebrides group,26,50.41544698,-0.02527005,8.799809324,0.004428965,4.96E-06,5.28E-06,22.82142857,105,Claudia,Yes,UK,Halichoerus grypus,Halichoerus grypus,74.64909,32.5592,31.16715,-80.2925,65042,42.08989,111.45965,4691.324408
133,Grey seal,Grey seal,Halichoerus grypus,Grey seal,1956,Pup production estimates for islands in the Outer Hebrides group,26,-76.44044006,0.038723958,4.139323718,0.002083331,1.81E-16,1.55E-16,3314.25,105,Claudia,Yes,UK,Halichoerus grypus,Halichoerus grypus,74.64909,32.5592,31.16715,-80.2925,65042,42.08989,111.45965,4691.324408
134,Grey seal,Grey seal,Halichoerus grypus,Grey seal,1961,Pup production estimates for islands in the Inner Hebrides group,16,-91.11241026,0.046049529,20.65641246,0.010367048,0.000437278,0.000409996,353.6111111,105,Claudia,Yes,UK,Halichoerus grypus,Halichoerus grypus,74.64909,32.5592,31.16715,-80.2925,65042,42.08989,111.45965,4691.324408
135,Grey seal,Grey seal,Halichoerus grypus,Grey seal,1962,Pup production estimates for islands in the Inner Hebrides group,16,-85.11314961,0.042999656,13.09440679,0.006571826,7.32E-06,6.77E-06,416.7222222,105,Claudia,Yes,UK,Halichoerus grypus,Halichoerus grypus,74.64909,32.5592,31.16715,-80.2925,65042,42.08989,111.45965,4691.324408
136,Grey seal,Grey seal,Halichoerus grypus,Grey seal,1963,Pup production estimates for islands in the Orkney group,28,-52.99823508,0.026929641,3.481351857,0.001752898,4.51E-15,3.58E-15,900.3333333,105,Claudia,Yes,UK,Halichoerus grypus,Halichoerus grypus,74.64909,32.5592,31.16715,-80.2925,65042,42.08989,111.45965,4691.324408
137,Grey seal,Grey seal,Halichoerus grypus,Grey seal,1960,Pup production estimates.,22,-56.81580283,0.028734639,7.392796611,0.003718515,1.14E-07,1.04E-07,197.2083333,105,Claudia,Yes,UK,Halichoerus grypus,Halichoerus grypus,74.64909,32.5592,31.16715,-80.2925,65042,42.08989,111.45965,4691.324408
138,Grey seal,Grey seal,Halichoerus grypus,Grey seal,1965,Pup production estimates.,30,34.29591283,-0.017111048,8.140955116,0.00410016,0.000212141,0.0002367,1184.59375,105,Claudia,Yes,UK,Halichoerus grypus,Halichoerus grypus,74.64909,32.5592,31.16715,-80.2925,65042,42.08989,111.45965,4691.324408
139,Grey seal,Grey seal,Halichoerus grypus,Grey seal,1967,Pup production estimates for islands in the Inner Hebrides group,16,-96.83612715,0.048914018,16.5519929,0.00830712,2.46E-05,2.29E-05,270.8888889,105,Claudia,Yes,UK,Halichoerus grypus,Halichoerus grypus,74.64909,32.5592,31.16715,-80.2925,65042,42.08989,111.45965,4691.324408
140,Grey seal,Grey seal,Halichoerus grypus,Grey seal,1968,Pup production estimates for islands in the Outer Hebrides group,26,-2.991840468,0.001726292,9.699551111,0.004881807,0.760196716,0.726477031,1351.642857,105,Claudia,Yes,UK,Halichoerus grypus,Halichoerus grypus,74.64909,32.5592,31.16715,-80.2925,65042,42.08989,111.45965,4691.324408
141,Grey seal,Grey seal,Halichoerus grypus,Grey seal,1969,Pup production estimates for islands in the Orkney group,28,8.875223452,-0.004240804,11.5189736,0.005799928,0.44746363,0.470743054,58.13333333,105,Claudia,Yes,UK,Halichoerus grypus,Halichoerus grypus,74.64909,32.5592,31.16715,-80.2925,65042,42.08989,111.45965,4691.324408
142,Grey seal,Grey seal,Halichoerus grypus,Grey seal,1970,Pup production estimates for islands in the Outer Hebrides group,26,41.14456724,-0.020493295,9.341430627,0.004701564,0.000161803,0.000182496,187.7857143,105,Claudia,Yes,UK,Halichoerus grypus,Halichoerus grypus,74.64909,32.5592,31.16715,-80.2925,65042,42.08989,111.45965,4691.324408
143,Grey seal,Grey seal,Halichoerus grypus,Grey seal,1972,Pup production estimates for islands in the Orkney group,28,-69.22074713,0.035076447,4.397588302,0.002214233,1.94E-15,1.65E-15,632.3,105,Claudia,Yes,UK,Halichoerus grypus,Halichoerus grypus,74.64909,32.5592,31.16715,-80.2925,65042,42.08989,111.45965,4691.324408
144,Grey seal,Grey seal,Halichoerus grypus,Grey seal,1973,Pup production estimates for islands in the Orkney group,28,-23.12447783,0.011896765,8.591325481,0.004325825,0.011862321,0.010318336,401.5333333,105,Claudia,Yes,UK,Halichoerus grypus,Halichoerus grypus,74.64909,32.5592,31.16715,-80.2925,65042,42.08989,111.45965,4691.324408
145,Grey seal,Grey seal,Halichoerus grypus,Grey seal,1974,(Total) pup production estimates for islands in the Inner Hebrides group,16,-108.6208561,0.054829067,12.21278248,0.006129356,1.37E-07,1.26E-07,2462.777778,105,Claudia,Yes,UK,Halichoerus grypus,Halichoerus grypus,74.64909,32.5592,31.16715,-80.2925,65042,42.08989,111.45965,4691.324408
146,Grey seal,Grey seal,Halichoerus grypus,Grey seal,1975,Pup production estimates.,21,-86.31249447,0.043597938,4.957378628,0.002491131,5.88E-14,5.31E-14,1120.086957,105,Claudia,Yes,UK,Halichoerus grypus,Halichoerus grypus,74.64909,32.5592,31.16715,-80.2925,65042,42.08989,111.45965,4691.324408
147,Grey seal,Grey seal,Halichoerus grypus,Grey seal,1976,Pup production estimates for islands in the Orkney group,28,-60.64651302,0.030681737,5.398254787,0.00271808,6.94E-12,6.22E-12,938.0666667,105,Claudia,Yes,UK,Halichoerus grypus,Halichoerus grypus,74.64909,32.5592,31.16715,-80.2925,65042,42.08989,111.45965,4691.324408
148,Grey seal,Grey seal,Halichoerus grypus,Grey seal,1977,Pup production estimates for islands in the Orkney group,28,-25.03257031,0.012835119,8.874718636,0.004468517,0.008709975,0.007684007,249.7333333,105,Claudia,Yes,UK,Halichoerus grypus,Halichoerus grypus,74.64909,32.5592,31.16715,-80.2925,65042,42.08989,111.45965,4691.324408
149,Grey seal,Grey seal,Halichoerus grypus,Grey seal,1978,Pup production estimates for islands in the Orkney group,28,-26.80838635,0.013818652,8.554169793,0.004307117,0.004022197,0.003334073,672.1333333,105,Claudia,Yes,UK,Halichoerus grypus,Halichoerus grypus,74.64909,32.5592,31.16715,-80.2925,65042,42.08989,111.45965,4691.324408
150,Grey seal,Grey seal,Halichoerus grypus,Grey seal,1964,Pup production estimates for islands in the Orkney group,28,-81.65895911,0.041338499,4.93341695,0.002484029,5.43E-16,4.73E-16,974.9666667,105,Claudia,Yes,UK,Halichoerus grypus,Halichoerus grypus,74.64909,32.5592,31.16715,-80.2925,65042,42.08989,111.45965,4691.324408
151,Grey seal,Grey seal,Halichoerus grypus,Grey seal,1980,Pup production estimates for islands in the Inner Hebrides group,16,-92.41822458,0.046674473,14.8297179,0.007442744,1.20E-05,1.12E-05,317.1666667,105,Claudia,Yes,UK,Halichoerus grypus,Halichoerus grypus,74.64909,32.5592,31.16715,-80.2925,65042,42.08989,111.45965,4691.324408
152,Grey seal,Grey seal,Halichoerus grypus,Grey seal,1981,Pup production estimates for islands in the Outer Hebrides group.  [Total pup production for Monachs],26,-68.03236981,0.034492799,2.587756581,0.001302424,2.95E-20,2.45E-20,5323.5,105,Claudia,Yes,UK,Halichoerus grypus,Halichoerus grypus,74.64909,32.5592,31.16715,-80.2925,65042,42.08989,111.45965,4691.324408
153,Grey seal,Grey seal,Halichoerus grypus,Grey seal,1982,Pup production estimates for islands in the Orkney group,28,-27.04585786,0.013815736,8.760206213,0.004410859,0.004520502,0.004039875,594.9,105,Claudia,Yes,UK,Halichoerus grypus,Halichoerus grypus,74.64909,32.5592,31.16715,-80.2925,65042,42.08989,111.45965,4691.324408
154,Grey seal,Grey seal,Halichoerus grypus,Grey seal,1983,Pup production estimates for islands in the Inner Hebrides group,16,-112.8401846,0.056903902,8.432296904,0.004232004,4.18E-10,3.89E-10,247.7222222,105,Claudia,Yes,UK,Halichoerus grypus,Halichoerus grypus,74.64909,32.5592,31.16715,-80.2925,65042,42.08989,111.45965,4691.324408
155,Grey seal,Grey seal,Halichoerus grypus,Grey seal,1984,Pup production estimates for islands in the Outer Hebrides group.  ,26,56.66289643,-0.028304001,8.792445903,0.004425259,7.90E-07,8.93E-07,1463.071429,105,Claudia,Yes,UK,Halichoerus grypus,Halichoerus grypus,74.64909,32.5592,31.16715,-80.2925,65042,42.08989,111.45965,4691.324408
156,Grey seal,Grey seal,Halichoerus grypus,Grey seal,1985,Pup production estimates for islands in the Inner Hebrides group,16,-77.57555886,0.039191309,18.11240619,0.009090261,0.000570517,0.00053779,149.1666667,105,Claudia,Yes,UK,Halichoerus grypus,Halichoerus grypus,74.64909,32.5592,31.16715,-80.2925,65042,42.08989,111.45965,4691.324408
157,Grey seal,Grey seal,Halichoerus grypus,Grey seal,1986,Total pup production estimates for islands in the Orkney group,28,-63.99077656,0.032393116,4.327873146,0.002179131,9.35E-15,8.18E-15,7676.366667,105,Claudia,Yes,UK,Halichoerus grypus,Halichoerus grypus,74.64909,32.5592,31.16715,-80.2925,65042,42.08989,111.45965,4691.324408
158,Grey seal,Grey seal,Halichoerus grypus,Grey seal,1987,Total pup production estimates for islands in the Outer Hebrides group.  ,26,-63.99443172,0.032472465,3.798224044,0.001911655,1.65E-15,1.36E-15,9365.214286,105,Claudia,Yes,UK,Halichoerus grypus,Halichoerus grypus,74.64909,32.5592,31.16715,-80.2925,65042,42.08989,111.45965,4691.324408
159,Grey seal,Grey seal,Halichoerus grypus,Grey seal,1988,Pup production estimates for islands in the Orkney group,28,0.621669319,-0.000147601,7.922106269,0.003988866,0.938010147,0.970744949,72.46666667,105,Claudia,Yes,UK,Halichoerus grypus,Halichoerus grypus,74.64909,32.5592,31.16715,-80.2925,65042,42.08989,111.45965,4691.324408
160,Grey seal,Grey seal,Halichoerus grypus,Grey seal,1989,Pup production estimates for islands in the Orkney group,27,44.06358897,-0.022089701,9.513471668,0.004791384,8.19E-05,8.68E-05,27.75862069,105,Claudia,Yes,UK,Halichoerus grypus,Halichoerus grypus,74.64909,32.5592,31.16715,-80.2925,65042,42.08989,111.45965,4691.324408
161,Grey seal,Grey seal,Halichoerus grypus,Grey seal,1990,Pup production estimates for islands in the Orkney group,28,-18.84615101,0.009798827,9.592929611,0.004830144,0.059456659,0.052097277,217.8333333,105,Claudia,Yes,UK,Halichoerus grypus,Halichoerus grypus,74.64909,32.5592,31.16715,-80.2925,65042,42.08989,111.45965,4691.324408
162,Grey seal,Grey seal,Halichoerus grypus,Grey seal,1991,Estimated size of the total female grey seal population associated with all major,16,-115.1594676,0.05801311,3.464545677,0.001738787,3.41E-16,3.21E-16,43391.44444,105,Claudia,Yes,UK,Halichoerus grypus,Halichoerus grypus,74.64909,32.5592,31.16715,-80.2925,65042,42.08989,111.45965,4691.324408
163,Grey seal,Grey seal,Halichoerus grypus,Grey seal,1979,Pup production estimates.,8,-85.27918903,0.043133308,37.27856982,0.0186972,0.051455684,0.049927056,636.4,105,Claudia,Yes,UK,Halichoerus grypus,Halichoerus grypus,74.64909,32.5592,31.16715,-80.2925,65042,42.08989,111.45965,4691.324408
164,Grey seal,Grey seal,Halichoerus grypus,Grey seal,1993,Pup production estimates for islands in the Inner Hebrides group,16,-52.62743239,0.026734165,25.02853331,0.012561329,0.051673617,0.04920257,160.3888889,105,Claudia,Yes,UK,Halichoerus grypus,Halichoerus grypus,74.64909,32.5592,31.16715,-80.2925,65042,42.08989,111.45965,4691.324408
165,Grey seal,Grey seal,Halichoerus grypus,Grey seal,1994,Pup production estimates for islands in the Outer Hebrides group,26,2.342280512,-0.000961869,10.07995449,0.005073265,0.818069931,0.851098415,167.75,105,Claudia,Yes,UK,Halichoerus grypus,Halichoerus grypus,74.64909,32.5592,31.16715,-80.2925,65042,42.08989,111.45965,4691.324408
166,Grey seal,Grey seal,Halichoerus grypus,Grey seal,1995,Pup production estimates for islands in the Outer Hebrides group,26,15.46340872,-0.007600525,8.419178239,0.004237392,0.077714646,0.084504206,507.7142857,105,Claudia,Yes,UK,Halichoerus grypus,Halichoerus grypus,74.64909,32.5592,31.16715,-80.2925,65042,42.08989,111.45965,4691.324408
167,Grey seal,Grey seal,Halichoerus grypus,Grey seal,1996,Pup production estimates for islands in the Outer Hebrides group,26,-80.32644128,0.040647384,5.287750797,0.002661338,1.92E-14,1.69E-14,375.5,105,Claudia,Yes,UK,Halichoerus grypus,Halichoerus grypus,74.64909,32.5592,31.16715,-80.2925,65042,42.08989,111.45965,4691.324408
168,Grey seal,Grey seal,Halichoerus grypus,Grey seal,1997,Pup production estimates for islands in the Inner Hebrides group,16,31.06671214,-0.015322454,27.70731819,0.013905759,0.278730255,0.286814416,88.66666667,105,Claudia,Yes,UK,Halichoerus grypus,Halichoerus grypus,74.64909,32.5592,31.16715,-80.2925,65042,42.08989,111.45965,4691.324408
169,Grey seal,Grey seal,Halichoerus grypus,Grey seal,1998,Pup production estimates.,18,-58.13564215,0.029598884,8.861389014,0.004467276,3.65E-06,3.21E-06,183.5,105,Claudia,Yes,UK,Halichoerus grypus,Halichoerus grypus,74.64909,32.5592,31.16715,-80.2925,65042,42.08989,111.45965,4691.324408
170,Grey seal,Grey seal,Halichoerus grypus,Grey seal,1999,Pup production estimates for islands in the Outer Hebrides group,26,39.86830732,-0.019920619,7.813310531,0.003932458,2.56E-05,2.83E-05,604.2857143,105,Claudia,Yes,UK,Halichoerus grypus,Halichoerus grypus,74.64909,32.5592,31.16715,-80.2925,65042,42.08989,111.45965,4691.324408
171,Grey seal,Grey seal,Halichoerus grypus,Grey seal,2000,Pup production estimates for islands in the Orkney group,28,-52.48807797,0.026575131,4.086608708,0.002057652,2.95E-13,2.58E-13,317.5,105,Claudia,Yes,UK,Halichoerus grypus,Halichoerus grypus,74.64909,32.5592,31.16715,-80.2925,65042,42.08989,111.45965,4691.324408
172,Grey seal,Grey seal,Halichoerus grypus,Grey seal,2001,Pup production estimates for islands in the Orkney group,28,-50.40743304,0.025470072,8.552546949,0.0043063,2.44E-06,2.30E-06,64.06666667,105,Claudia,Yes,UK,Halichoerus grypus,Halichoerus grypus,74.64909,32.5592,31.16715,-80.2925,65042,42.08989,111.45965,4691.324408
173,Grey seal,Grey seal,Halichoerus grypus,Grey seal,2002,Pup production estimates for islands in the Orkney group,28,-48.53262749,0.024630163,6.075129477,0.003058894,1.06E-08,9.09E-09,224.0333333,105,Claudia,Yes,UK,Halichoerus grypus,Halichoerus grypus,74.64909,32.5592,31.16715,-80.2925,65042,42.08989,111.45965,4691.324408
174,Grey seal,Grey seal,Halichoerus grypus,Grey seal,2003,Pup production estimates for islands in the Orkney group,28,-73.43218498,0.03716894,4.105375939,0.002067101,7.42E-17,6.48E-17,183.2333333,105,Claudia,Yes,UK,Halichoerus grypus,Halichoerus grypus,74.64909,32.5592,31.16715,-80.2925,65042,42.08989,111.45965,4691.324408
175,Grey seal,Grey seal,Halichoerus grypus,Grey seal,2004,Pup production estimates for islands in the Orkney group,28,-65.60287438,0.033201752,4.932499863,0.002483567,1.27E-13,1.12E-13,391.3666667,105,Claudia,Yes,UK,Halichoerus grypus,Halichoerus grypus,74.64909,32.5592,31.16715,-80.2925,65042,42.08989,111.45965,4691.324408
176,Grey seal,Grey seal,Halichoerus grypus,Grey seal,2006,Pup production estimates for islands in the Orkney group,27,35.05110381,-0.01758826,7.417265007,0.003735646,6.37E-05,6.67E-05,2.068965517,105,Claudia,Yes,UK,Halichoerus grypus,Halichoerus grypus,74.64909,32.5592,31.16715,-80.2925,65042,42.08989,111.45965,4691.324408
177,Grey seal,Grey seal,Halichoerus grypus,Grey seal,1992,Estimated size of the grey seal population associated with all major,16,-115.1179184,0.057992492,3.448540875,0.001730755,3.19E-16,3.00E-16,74631.61111,105,Claudia,Yes,UK,Halichoerus grypus,Halichoerus grypus,74.64909,32.5592,31.16715,-80.2925,65042,42.08989,111.45965,4691.324408
178,Haddock,Haddock,Melanogrammus aeglefinus,Haddock,17416,Spawning stock biomass (in tonnes),21,55.11347363,-0.027280186,12.58225917,0.006281673,0.000261733,0.000286233,15242.26087,107,Claudia,Yes,partWorld,Melanogrammus aeglefinus,Melanogrammus aeglefinus,75.9933,-60.5,67.545,-76.8175,26004,136.4933,144.3625,19704.51402
179,Haddock,Haddock,Melanogrammus aeglefinus,Haddock,1479,SSB (Tonnes),29,18.47219708,-0.009104992,9.358215105,0.004695495,0.057987181,0.062275543,48673.12903,107,Claudia,Yes,partWorld,Melanogrammus aeglefinus,Melanogrammus aeglefinus,75.9933,-60.5,67.545,-76.8175,26004,136.4933,144.3625,19704.51402
180,Harbour porpoise,Harbour seal,Phoca vitulina,Harbour seal,11120,Number of individuals,15,57.50305216,-0.028602479,25.42455901,0.012737717,0.03899991,0.040234592,824.1764706,108,Claudia,Yes,partWorld,Phoca vitulina,Phoca vitulina,79.78214,0,179.31667,-176.8376824,16295,79.78214,356.1543524,28414.7564
181,Harbour porpoise,Harbour seal,Phoca vitulina,Harbour seal,4904,Individuals,16,-49.22884092,0.024901201,23.00401903,0.011517323,0.048107697,0.046107838,2948.166667,108,Claudia,Yes,partWorld,Phoca vitulina,Phoca vitulina,79.78214,0,179.31667,-176.8376824,16295,79.78214,356.1543524,28414.7564
182,Harbour porpoise,Harbour seal,Phoca vitulina,Harbour seal,4905,Individuals,13,75.69372808,-0.037565475,16.07249278,0.008031384,0.000408143,0.000432577,454.2,108,Claudia,Yes,partWorld,Phoca vitulina,Phoca vitulina,79.78214,0,179.31667,-176.8376824,16295,79.78214,356.1543524,28414.7564
183,Harbour porpoise,Harbour seal,Phoca vitulina,Harbour seal,4907,Individuals,7,97.82568865,-0.048639454,21.36469528,0.010670423,0.002547236,0.002610049,5259,108,Claudia,Yes,partWorld,Phoca vitulina,Phoca vitulina,79.78214,0,179.31667,-176.8376824,16295,79.78214,356.1543524,28414.7564
184,Harbour porpoise,Harbour seal,Phoca vitulina,Harbour seal,4911,Individuals,6,41.60523242,-0.02066681,43.37865086,0.021749062,0.374537124,0.37868013,410.125,108,Claudia,Yes,partWorld,Phoca vitulina,Phoca vitulina,79.78214,0,179.31667,-176.8376824,16295,79.78214,356.1543524,28414.7564
185,Harbour porpoise,Harbour seal,Phoca vitulina,Harbour seal,4912,Individuals,6,-125.5856676,0.063221676,28.69163028,0.014400693,0.004682961,0.00461707,986,108,Claudia,Yes,partWorld,Phoca vitulina,Phoca vitulina,79.78214,0,179.31667,-176.8376824,16295,79.78214,356.1543524,28414.7564
186,Harbour porpoise,Harbour seal,Phoca vitulina,Harbour seal,4906,Individuals,7,54.58631366,-0.027056469,45.29686598,0.022600644,0.267326715,0.270210246,1078.555556,108,Claudia,Yes,partWorld,Phoca vitulina,Phoca vitulina,79.78214,0,179.31667,-176.8376824,16295,79.78214,356.1543524,28414.7564
187,Hen harrier,Hen harrier,Circus cyaneus,Hen harrier,8507,Number of breeding females,8,-37.31201405,0.018894741,61.42138759,0.030773729,0.560378628,0.556275145,9.2,110,Claudia,Yes,World,Circus cyaneus,Circus cyaneus,80.38392,-45.04219,176.287,-177.375,870801,125.42611,353.662,44358.44891
188,Herring gull,Herring gull,Larus argentatus,Herring gull,4901,Number of nests,13,55.10642654,-0.027462828,6.03358513,0.003032021,5.10E-07,5.60E-07,11613.33333,111,Claudia,Yes,partWorld,Larus argentatus,Larus argentatus,81.61,-23.6496,179.173,-179.4167,3165481,105.2596,358.5897,37745.00839
189,Hobby,Hobby,Falco subbuteo,Hobby,352,Index,27,-66.66960367,0.033794223,3.448627569,0.001738204,2.41E-17,2.08E-17,432.7586207,112,Claudia,Yes,partWorld,Falco subbuteo,Falco subbuteo,85.0083,-34.625,174.1105,-171.721,116885,119.6333,345.8315,41372.96359
190,House sparrow,House sparrow,Passer domesticus,House sparrow,418,Index,27,68.92573115,-0.034487197,5.348318174,0.002687573,4.77E-13,5.27E-13,171.7586207,113,Claudia,Yes,partWorld,Passer domesticus,Passer domesticus,90,-54.9337,178.475,-176.827,3521605,144.9337,355.302,51495.23348
191,Killer whale / Orca,Killer whale / Orca,Orcinus orca,Killer whale / Orca,10496,Killer whales per day,14,-5.262823529,0.002823529,29.63822804,0.014830197,0.861605195,0.85173624,26,115,Claudia,Yes,World,Orcinus orca,Orcinus orca,78.14531,-77.07878,177.45938,-176.6599152,1814,155.22409,354.1192952,54967.84535
192,Knot / Red knot,Knot / Red knot,Calidris canutus,Knot / Red knot,5980,Index 1973 = 100,19,19.31915742,-0.009564197,16.37341228,0.008265187,0.252598615,0.261545804,84.05238095,116,Claudia,Yes,World,Calidris canutus,Calidris canutus,83.0866,-53.7937,178.784,-176.436,188290,136.8803,355.22,48622.62017
193,Knot / Red knot,Knot / Red knot,Calidris canutus,Knot / Red knot,12680,Number of individuals,15,-81.49297718,0.041021489,25.2693878,0.012640976,0.005666575,0.005437402,1104,116,Claudia,Yes,World,Calidris canutus,Calidris canutus,83.0866,-53.7937,178.784,-176.436,188290,136.8803,355.22,48622.62017
194,Lesser black-backed gull,Lesser black-backed gull,Larus fuscus,Lesser black-backed gull,4902,Number of nests,11,-2.199770619,0.001314269,19.92356896,0.010004006,0.914072528,0.897851242,18550,118,Claudia,Yes,partWorld,Larus fuscus,Larus fuscus,80.38392,-63.0417,141.33,-161.87417,1938206,143.42562,303.20417,43487.24607
195,Lesser horseshoe bat,Lesser horseshoe bat,Rhinolophus hipposideros,Lesser horseshoe bat,7740,Index 1999=100,13,-133.5475029,0.066825248,9.31192261,0.004646657,2.40E-09,2.32E-09,135.5733333,119,Claudia,Yes,Europe,Rhinolophus hipposideros,Rhinolophus hipposideros,55.84216,0,122.346,-10.82495,35229,55.84216,133.17095,7436.553497
196,Linnet / Eurasian linnet,Linnet / Eurasian linnet,Carduelis cannabina,Linnet / Eurasian linnet,265,Index,33,60.12967333,-0.030101842,6.410551992,0.003226205,7.85E-11,8.92E-11,143.9142857,122,Claudia,Yes ,Europe,Carduelis cannabina,Carduelis cannabina,80.38392,-37.85,144.97,-109.76721,373634,118.23392,254.73721,30118.57891
197,Little egret,Little egret,Egretta garzetta,Little egret,5135,Maximum number of nesting pairs,30,-26.40055201,0.013317644,6.501166102,0.003269347,0.000322917,0.000311896,29.125,124,Claudia,Yes,partWorld,Egretta garzetta,Egretta garzetta,80.38392,-47.7684,176.949,-179,151504,128.15232,355.949,45615.69015
198,Little tern,Little tern,Sternula albifrons,Little tern,9065,Number of pairs breeding in Wales,23,3.805155925,-0.001746362,13.85472267,0.006972638,0.786039476,0.804455972,59.8,126,Lisa,yes,partWorld,Sternula albifrons,Sternula albifrons,67.54858,-46.9317,176.457,-177.383,94464,114.48028,353.84,40507.70228
199,Little tern,Little tern,Sternula albifrons,Little tern,9065,Number of pairs breeding in Wales,23,3.805155925,-0.001746362,13.85472267,0.006972638,0.786039476,0.804455972,59.8,126,Lisa,yes,partWorld,Sternula albifrons,Sternula albifrons,67.54858,-46.9317,176.457,-177.383,94464,114.48028,353.84,40507.70228
200,Lumpfish / Lumpsucker,Lumpfish / Lumpsucker,Cyclopterus lumpus,Lumpfish / Lumpsucker,4927,Average catch - individualas per one hour fishing,21,-37.79218805,0.019257268,13.80553468,0.006965569,0.012338718,0.011613272,0.019869565,130,Lisa,yes,partWorld,Cyclopterus lumpus,Cyclopterus lumpus,71.23,0,69.05,-94.167,8504,71.23,163.217,11625.94691
201,Mallard / Common mallard,Mallard / Common mallard,Anas platyrhynchos,Mallard / Common mallard,5147,Index,29,58.32766641,-0.0290545,8.428544989,0.004237536,1.32E-07,1.57E-07,139.4706452,131,Lisa,yes,World,Anas platyrhynchos,Anas platyrhynchos,80.38392,-88.9917,178.308,-177.376,4750857,169.37562,355.684,60244.19802
202,Marsh tit,Marsh tit,Parus palustris,Marsh tit,417,Index,33,44.26614307,-0.022148244,3.588244391,0.001805837,6.60E-14,7.73E-14,132.4857143,133,Lisa,yes,partWorld,Parus palustris,Parus palustris,68.7,0,143.47,-8.71111,57578,68.7,152.18111,10454.84226
203,Mediterranean gull,Mediterranean gull,Larus melanocephalus,Mediterranean gull,5136,Maximum number of breeding pairs,27,-42.48311049,0.021430641,6.033131567,0.003031698,1.43E-07,1.34E-07,42,135,Lisa,yes,partWorld,Larus melanocephalus,Larus melanocephalus,70.50612,0,53.5417,-105.4838,13706,70.50612,159.0255,11212.27099
204,Natterer's bat,Natterer's bat,Myotis nattereri,Natterer's bat,7737,Index 1999 = 100,13,-163.1087603,0.0816305,9.63896665,0.004809852,3.09E-10,2.98E-10,137.4866667,141,Lisa,yes,partWorld,Myotis nattereri,Myotis nattereri,63.4077,5.689277475,131.46667,-10.1307,28836,57.71842252,141.59737,8172.77683
205,Noctule bat,Noctule bat,Nyctalus noctula,Noctule bat,7742,Index 1999 = 100,12,-143.8384467,0.071968122,26.43929443,0.013189943,0.000149985,0.000146176,115.2214286,144,Lisa,yes,partWorld,Nyctalus noctula,Nyctalus noctula,64.7565,0,121.321,-6.83415,28517,64.7565,128.15515,8298.878971
206,Northern gannet,Northern gannet,Morus bassanus,Northern gannet,11168,Apparently Occupied Nests (AON),13,-115.1191217,0.057926429,6.449634765,0.003234833,1.59E-10,1.52E-10,1777.866667,145,Lisa,yes,partWorld,Morus bassanus,Morus bassanus,80.38392,-33.99496,115.51667,-123.022,288762,114.37888,238.53867,27283.78591
207,Northern gannet,Northern gannet,Morus bassanus,Northern gannet,11173,Apparently Occupied Sites/Nests (AOS/N),9,-51.92612547,0.026341151,3.937908594,0.001982355,3.44E-07,3.22E-07,2544.181818,145,Lisa,yes,partWorld,Morus bassanus,Morus bassanus,80.38392,-33.99496,115.51667,-123.022,288762,114.37888,238.53867,27283.78591
208,Northern gannet,Northern gannet,Morus bassanus,Northern gannet,11181,Abundance Index (derived from Apparently Ocupied Nest/Sites counts),23,-81.71626374,0.041128871,1.034644232,0.000517837,1.64E-29,1.44E-29,135.36,145,Lisa,yes,partWorld,Morus bassanus,Morus bassanus,80.38392,-33.99496,115.51667,-123.022,288762,114.37888,238.53867,27283.78591
209,Northern gannet,Northern gannet,Morus bassanus,Northern gannet,1753,breeding population index (from graphic),18,-96.41064024,0.048553201,5.758384703,0.002885673,2.02E-12,1.86E-12,1037.5,145,Lisa,yes,partWorld,Morus bassanus,Morus bassanus,80.38392,-33.99496,115.51667,-123.022,288762,114.37888,238.53867,27283.78591
210,Osprey,Osprey,Pandion haliaetus,Osprey,1331,Number of pairs,30,-59.36540808,0.030025847,3.129456598,0.001573043,2.95E-18,2.48E-18,78.0625,151,Lisa,yes,World,Pandion haliaetus,Pandion haliaetus,85.0083,-69.8583,173.186,-171.721,1060361,154.8666,344.907,53414.57441
211,Pike / Northern pike,Pike / Northern pike,Esox lucius,Pike / Northern pike,1110,Kilograms of females,10,142.1005245,-0.071678322,26.90766511,0.013620665,0.00035711,0.000366756,400,153,Lisa,yes,partWorld,Esox lucius,Esox lucius,70.7167,-0.78927,176.8794,-165.28167,97218,71.50597,342.16107,24466.55921
212,Pike / Northern pike,Pike / Northern pike,Esox lucius,Pike / Northern pike,1111,Kilograms of females,10,151.400204,-0.076486014,37.7259172,0.019096866,0.00246546,0.002497462,641.6666667,153,Lisa,yes,partWorld,Esox lucius,Esox lucius,70.7167,-0.78927,176.8794,-165.28167,97218,71.50597,342.16107,24466.55921
213,Pink-footed goose,Pink-footed goose,Anser brachyrhynchus,Pink-footed goose,4651,Number of individuals,29,-71.51866246,0.036234535,5.153438252,0.002596164,2.45E-14,2.12E-14,145360.4839,154,Lisa,no_download,partWorld,Anser brachyrhynchus,Anser brachyrhynchus,80.7075,-31.16667,71.3083,-114.083,147848,111.87417,185.3913,20740.49781
214,Pogge,Pogge,Agonus cataphractus,Pogge,9247,mean number of individuals per 500000mÎ_ water,14,-56.67077774,0.028744694,30.11362619,0.015174374,0.080804858,0.07903264,8.8375,156,Lisa,yes,Europe,Agonus cataphractus,Agonus cataphractus,70.98127,0,30.74006,-55,2094,70.98127,85.74006,6085.938349
215,Purple sandpiper,Purple sandpiper,Calidris maritima,Purple sandpiper,12020,Number of individuals,13,116.4287338,-0.058198052,21.5928274,0.010828875,0.000122811,0.000126589,348,159,Ashleigh,yes,partWorld,Calidris maritima,Calidris maritima,81.05455,2.0083,66.0083,-162.0397,80193,79.04625,228.048,18026.33922
216,Purple sandpiper,Purple sandpiper,Calidris maritima,Purple sandpiper,12052,Number of individuals,21,56.54568331,-0.028125516,11.51257641,0.005762019,7.39E-05,7.94E-05,454.2608696,159,Ashleigh,yes,partWorld,Calidris maritima,Calidris maritima,81.05455,2.0083,66.0083,-162.0397,80193,79.04625,228.048,18026.33922
217,Razorbill,Razorbill,Alca torda,Razorbill,1583,breeding population index (from graphic),18,7.884166298,-0.003626714,18.9957765,0.009519267,0.683011668,0.707672487,95,160,Ashleigh,yes,partWorld,Alca torda,Alca torda,80.38392,-18.0083,131.126,-99,136995,98.39222,230.126,22642.60802
218,Razorbill,Razorbill,Alca torda,Razorbill,1584,breeding population index (from graphic),6,-98.34977232,0.049560904,9.280166076,0.004655776,4.16E-05,4.05E-05,148.125,160,Ashleigh,yes,partWorld,Alca torda,Alca torda,80.38392,-18.0083,131.126,-99,136995,98.39222,230.126,22642.60802
219,Razorbill,Razorbill,Alca torda,Razorbill,1589,breeding population index (from graphic),18,-90.28636364,0.045454545,6.946280958,0.003480958,1.38E-10,1.28E-10,146,160,Ashleigh,yes,partWorld,Alca torda,Alca torda,80.38392,-18.0083,131.126,-99,136995,98.39222,230.126,22642.60802
220,Razorbill,Razorbill,Alca torda,Razorbill,1585,breeding population index (from graphic),18,-80.84143253,0.040759794,18.95683869,0.009499754,0.000466412,0.000440161,147,160,Ashleigh,yes,partWorld,Alca torda,Alca torda,80.38392,-18.0083,131.126,-99,136995,98.39222,230.126,22642.60802
221,Red deer / Elk,Red deer / Elk,Cervus elaphus,Red deer / Elk,11166,Breeding Bird Survey Index of Abundance,11,-71.65260474,0.036016426,36.39194625,0.018181947,0.0746701,0.073157992,1.096153846,161,Ashleigh,yes,World,Cervus elaphus,Cervus elaphus,68.75,-46.1162,176.88876,-161.9,28755,114.8662,338.78876,38915.37746
222,Red deer / Elk,Red deer / Elk,Cervus elaphus,Red deer / Elk,11178,mature individuals,31,-18.81402867,0.009725388,7.377433989,0.003707211,0.015926277,0.013385274,282.7272727,161,Ashleigh,yes,World,Cervus elaphus,Cervus elaphus,68.75,-46.1162,176.88876,-161.9,28755,114.8662,338.78876,38915.37746
223,Red kite,Red kite,Milvus milvus,Red kite,385,Number of breeding pairs,29,-42.49106681,0.021492931,5.666905518,0.002854835,2.90E-08,2.68E-08,94.82258065,163,Ashleigh,yes,partWorld,Milvus milvus,Milvus milvus,80.38392,-3.3407,59.43414,-110.45059,66754,83.72462,169.88473,14223.53446
224,Red kite,Red kite,Milvus milvus,Red kite,5141,Number of breeding pairs,14,-124.4793573,0.062446967,11.35750813,0.005683001,2.97E-08,2.87E-08,170.625,163,Ashleigh,yes,partWorld,Milvus milvus,Milvus milvus,80.38392,-3.3407,59.43414,-110.45059,66754,83.72462,169.88473,14223.53446
225,Redshank / Common redshank,Redshank / Common redshank,Tringa totanus,Redshank / Common redshank,1340,Index,19,-16.4442335,0.00859285,20.02665874,0.010109321,0.421763343,0.405913032,96.24285714,168,Ashleigh,yes,World,Tringa totanus,Tringa totanus,80.38392,-38.34381,153.08,-119.06,465824,118.72773,272.14,32310.56444
226,Reed bunting,Reed bunting,Emberiza schoeniclus,Reed bunting,346,Index,33,51.83797777,-0.02594199,6.797284341,0.003420834,8.89E-09,1.00E-08,127.1142857,169,Ashleigh,yes,partWorld,Emberiza schoeniclus,Emberiza schoeniclus,80.38392,-11,175.88333,-99,631097,91.38392,274.88333,25119.91624
227,Roseate tern,Roseate tern,Sterna dougallii,Roseate tern,1858,Breeding pairs,12,119.9088645,-0.05978022,27.04648526,0.013533365,0.000816167,0.000839626,8.571428571,175,Ashleigh,yes,World,Sterna dougallii,Sterna dougallii,80.38392,-69.9583,167.332,-171.792,22823,150.34222,339.124,50984.65502
228,Roseate tern,Roseate tern,Sterna dougallii,Roseate tern,1861,Breeding pairs,12,-115.6214463,0.057993619,24.91987682,0.012469265,0.000570452,0.000559556,47.28571429,175,Ashleigh,yes,World,Sterna dougallii,Sterna dougallii,80.38392,-69.9583,167.332,-171.792,22823,150.34222,339.124,50984.65502
229,Roseate tern,Roseate tern,Sterna dougallii,Roseate tern,1862,Breeding pairs,12,-48.41307114,0.024407172,32.08416401,0.01605409,0.157185268,0.154335664,6.928571429,175,Ashleigh,yes,World,Sterna dougallii,Sterna dougallii,80.38392,-69.9583,167.332,-171.792,22823,150.34222,339.124,50984.65502
230,Roseate tern,Roseate tern,Sterna dougallii,Roseate tern,1866,Breeding pairs,12,100.6949241,-0.050235479,33.27079765,0.016647851,0.010534386,0.010711869,6.285714286,175,Ashleigh,yes,World,Sterna dougallii,Sterna dougallii,80.38392,-69.9583,167.332,-171.792,22823,150.34222,339.124,50984.65502
231,Roseate tern,Roseate tern,Sterna dougallii,Roseate tern,9062,Number of pairs breeding in Wales,23,93.42485462,-0.046783217,9.682414841,0.004872849,1.49E-09,1.64E-09,98.52,175,Ashleigh,yes,World,Sterna dougallii,Sterna dougallii,80.38392,-69.9583,167.332,-171.792,22823,150.34222,339.124,50984.65502
232,Ruddy duck,Ruddy duck,Oxyura jamaicensis,Ruddy duck,1325,Population size,28,-68.94640451,0.034968288,3.153911094,0.001589257,3.89E-19,3.27E-19,2946.166667,176,Ashleigh,yes,partWorld,Oxyura jamaicensis,Oxyura jamaicensis,80.38392,-77.0083,59.43414,-150.876,571474,157.39222,210.31014,33101.17982
233,Ruddy turnstone / Turnstone,Ruddy turnstone / Turnstone,Arenaria interpres,Ruddy turnstone / Turnstone,5969,Index 1973 = 100,19,-62.86663609,0.03195759,13.01786311,0.006571329,0.000116542,0.000107992,118.447619,177,Ashleigh,yes,World,Arenaria interpres,Arenaria interpres,83.0833,-70.0583,179.867,-179.478,354656,153.1416,359.345,55030.66825
234,Sand eel,Sand eel,Ammodytes marinus,Sand eel,1369,Spawning stock biomass (tonnes),15,-45.82592704,0.02340052,27.16618752,0.01370641,0.112307361,0.108380757,21874.70588,178,Ashleigh,yes,partWorld,Ammodytes marinus,Ammodytes marinus,67.4338,37.56667,41.2795,-74.83333,242,29.86713,116.11283,3467.956988
235,Sanderling,Sanderling,Calidris alba,Sanderling,5978,Index 1973 = 100,19,17.23967501,-0.008481084,18.80877101,0.00949454,0.370852742,0.382893409,105.0666667,179,Ashleigh,yes,World,Calidris alba,Calidris alba,82.5181,-70.0583,179.098,-177.376,363183,152.5764,356.474,54389.51961
236,Sandwich tern,Sandwich tern,Thalasseus sandvicensis,Sandwich tern,11189,Index of abundance where 1986 is taken as 100%,23,-4.285559441,0.00236014,14.86428926,0.007439536,0.775689863,0.753921233,108.92,180,Ashleigh,yes,partWorld,Thalasseus sandvicensis,Thalasseus sandvicensis,80.38392,-48.3969,80.3191,-118.051,198177,128.78082,198.3701,25546.26414
237,Sandwich tern,Sandwich tern,Thalasseus sandvicensis,Sandwich tern,9061,Number of pairs breeding in Wales,23,-20.67995338,0.010508159,10.42536274,0.005246751,0.059359873,0.057123437,479.6,180,Ashleigh,yes,partWorld,Thalasseus sandvicensis,Thalasseus sandvicensis,80.38392,-48.3969,80.3191,-118.051,198177,128.78082,198.3701,25546.26414
238,Serotine bat,Serotine bat,Eptesicus serotinus,Serotine bat,7738,Index 1999 = 100,12,-136.0841164,0.06810738,14.59260103,0.007279906,7.57E-07,7.32E-07,111.8928571,183,Ashleigh,yes,partWorld,Eptesicus serotinus,Eptesicus serotinus,59.97258,17.7478,128.59111,-118.18954,11089,42.22478,246.78065,10420.25865
239,Short-eared owl,Short-eared owl,Asio flammeus,Short-eared owl,12166,Five-year running means of an index of annual totals,12,-36.92133709,0.01889024,38.21202629,0.019333138,0.353002524,0.347811282,14.66571429,185,Ashleigh,yes,World,Asio flammeus,Asio flammeus,80.38392,-54.8952,177.598,-178.313,80905,135.27912,355.911,48147.32688
240,Smooth snake,Smooth snake,Coronella austriaca,Smooth snake,10388,Number of individuals,11,187.224743,-0.093229351,19.83823405,0.009904243,1.31E-06,1.35E-06,37.07692308,187,Ashleigh,yes,Europe,Coronella austriaca,Coronella austriaca,62.21722,36.43,46.1097,-9.31,10731,25.78722,55.4197,1429.119996
241,Snow bunting,Snow bunting,Plectrophenax nivalis,Snow bunting,12081,Estimated number of wintering individuals,12,-55.46881784,0.028185121,38.581774,0.019461132,0.176082913,0.173159974,1090.928571,189,Isla,yes,partWorld,Plectrophenax nivalis,Plectrophenax nivalis,84.2,24.4068,179.05256,-179.478,248704,59.7932,358.53056,21437.68948
242,Snow bunting,Snow bunting,Plectrophenax nivalis,Snow bunting,12082,Index of annual totals based on 5-year running means,13,91.79786386,-0.046295248,19.57579968,0.009901747,0.000423279,0.000434044,0.862893333,189,Isla,yes,partWorld,Plectrophenax nivalis,Plectrophenax nivalis,84.2,24.4068,179.05256,-179.478,248704,59.7932,358.53056,21437.68948
243,Song thrush,Song thrush,Turdus philomelos,Song thrush,477,Index,33,52.22759956,-0.026138107,6.11806253,0.003079005,7.27E-10,8.26E-10,117.4857143,190,Isla,yes,partWorld,Turdus philomelos,Turdus philomelos,80.38392,-54.4989,178.546,-177.9,557909,134.88282,356.446,48078.44166
244,Soprano pipistrelle,Soprano pipistrelle,Pipistrellus pygmaeus,Soprano pipistrelle,7741,Index 1999 = 100,12,-125.8455931,0.062962844,32.11084331,0.016019346,0.002038435,0.00199714,112.3928571,191,Isla,yes,Europe,Pipistrellus pygmaeus,Pipistrellus pygmaeus,63.0879,34.91123,43.23,-10.13528,27153,28.17667,53.36528,1503.655884
245,Spotted flycatcher,Spotted flycatcher,Muscicapa striata,Spotted flycatcher,389,Index,33,70.55471578,-0.03527399,2.529757134,0.001273138,1.61E-24,1.98E-24,349.1142857,192,Isla,yes,partWorld,Muscicapa striata,Muscicapa striata,80.38392,-34.625,110.16517,-31.25322,269862,115.00892,141.41839,16264.3763
246,Tawny owl,Tawny owl,Strix aluco,Tawny owl,447,Index,33,48.44973545,-0.024074074,2.304908787,0.001159979,1.11E-20,1.65E-20,100.3714286,194,Isla,yes,Europe,Strix aluco,Strix aluco,80.38392,-4.075,127.10457,-90.37315,208843,84.45892,217.47772,18367.93336
247,Tree sparrow / Eurasian tree sparrow,Tree sparrow / Eurasian tree sparrow,Passer montanus,Tree sparrow / Eurasian tree sparrow,420,Index,33,72.18533166,-0.036157667,6.028665228,0.003034015,1.48E-13,1.68E-13,1020.6,197,Isla,yes,partWorld,Passer montanus,Passer montanus,80.38392,-38.91,167.741,-173.237,615898,119.29392,340.978,40676.60225
248,Tundra swan / Bewick's swan,Tundra swan / Bewick's swan,Cygnus columbianus,Tundra swan / Bewick's swan,12222,Population index,21,-80.08862419,0.040643834,9.199350918,0.004643765,2.07E-08,1.89E-08,162.2107783,199,Isla,yes,partEurope,Cygnus columbianus,Cygnus columbianus,69.4,50.31667,158.5,-176.75,265,19.08333,335.25,6397.686383
249,Tundra swan / Bewick's swan,Tundra swan / Bewick's swan,Cygnus columbianus,Tundra swan / Bewick's swan,12647,WeBS index,28,-41.24755743,0.021030288,9.639601135,0.0048574,0.000198074,0.000172701,2866.733333,199,Isla,yes,partEurope,Cygnus columbianus,Cygnus columbianus,69.4,50.31667,158.5,-176.75,265,19.08333,335.25,6397.686383
250,Western marsh harrier,Western marsh harrier,Circus aeruginosus,Western marsh harrier,317,Number of breeding pairs,26,-69.14128916,0.035007566,6.26923404,0.003160667,2.66E-11,2.42E-11,50.35714286,204,Isla,yes,partWorld,Circus aeruginosus,Circus aeruginosus,85.0083,-43.15,175.25,-179,237638,128.1583,354.25,45400.07778
251,White wagtail / Pied wagtail,White-tailed eagle,Haliaeetus albicilla,White-tailed eagle,5139,Number of territorial pairs,29,-54.57262407,0.027487593,3.761434677,0.001883524,7.91E-15,6.81E-15,21.80645161,206,Isla,yes,partWorld,Haliaeetus albicilla,Haliaeetus albicilla,80.38392,-17.2917,177.535,-171.744,177089,97.67562,349.279,34116.04288
252,Whooper swan,Whooper swan,Cygnus cygnus,Whooper swan,1282,Population estimate,27,-64.91233888,0.032863171,6.648820262,0.003344447,2.37E-10,2.07E-10,21204.65517,209,Isla,yes,partWorld,Cygnus cygnus,Cygnus cygnus,80.38392,-73.975,179.0465,-176.644,942106,154.35892,355.6905,54904.00143
253,Willow grouse / Red grouse / Willow ptarmigan,Willow grouse / Red grouse / Willow ptarmigan,Lagopus lagopus,Willow grouse / Red grouse / Willow ptarmigan,6022,Hens per km,13,-29.5010352,0.015139752,40.63855471,0.020483094,0.480743355,0.472961168,32.66666667,211,Isla,yes,partWorld,Lagopus lagopus,Lagopus lagopus,81.5,-60.0083,178.25,-179.60449,57770,141.5083,357.85449,50639.38053
254,Willow tit,Willow tit,Parus montanus,Willow tit,414,Index,33,60.70172774,-0.030319937,2.232541146,0.001123559,3.59E-24,4.56E-24,392.8,212,Isla,yes,partWorld,Parus montanus,Parus montanus,80.38392,30.0495,170.4239,-105.57724,154317,50.33442,276.00114,13892.3573
255,Wood lark,Wood lark,Lullula arborea,Wood lark,9143,Woodlark density (territories ha1),31,-52.45373111,0.02655077,6.244635899,0.003142565,1.73E-09,1.52E-09,0.068030303,215,Isla,yes,Europe,Lullula arborea,Lullula arborea,80.38392,0,135.137,-31.25322,128000,80.38392,166.39022,13375.09813
256,Wood nuthatch / Eurasian nuthatch,Wood nuthatch / Eurasian nuthatch,Sitta europaea,Wood nuthatch / Eurasian nuthatch,443,Index,33,-55.31999816,0.028057124,1.677483762,0.000844218,7.68E-27,5.99E-27,69.2,217,Isla,yes,partWorld,Sitta europaea,Sitta europaea,80.38392,18.83234,170.4239,-31.25322,524453,61.55158,201.67712,12413.54539