population,family,individual,individulal_code,location_code,x_coord,y_coord,block,previous_damage,current_damage,total_damage
A,e,30,A_e_30,1,1,1,1,0,0,0
B,i,4,B_i_4,2,1,2,1,4,6,10
C,d,12,C_d_12,3,1,3,1,2,0,2
D,g,19,D_g_19,4,1,4,1,1,0,1
E,b,11,E_b_11,5,1,5,1,0,0,0
F,j,27,F_j_27,6,1,6,1,0,0,0
G,h,30,G_h_30,7,1,7,1,3,0,3
H,h,23,H_h_23,8,1,8,1,6,0,6
M,h,20,M_h_20,9,1,1,2,1,0,1
Q,g,1,Q_g_1,10,1,2,2,0,5,5
I,g,20,I_g_20,11,1,3,2,1,2,3
F,j,30,F_j_30,12,1,4,2,0,0,0
C,i,4,C_i_4,13,1,5,2,1,0,1
J,f,11,J_f_11,14,1,6,2,1,0,1
R,e,1,R_e_1,15,1,7,2,6,0,6
G,i,20,G_i_20,16,1,8,2,5,0,5
K,a,30,K_a_30,17,1,1,3,8,0,8
R,d,12,R_d_12,18,1,2,3,1,0,1
C,g,1,C_g_1,19,1,3,3,0,0,0
S,j,4,S_j_4,20,1,4,3,12,0,12
Q,a,27,Q_a_27,21,1,5,3,9,0,9
O,d,12,O_d_12,22,1,6,3,24,0,24
U,f,18,U_f_18,23,1,7,3,0,9,9
E,j,27,E_j_27,24,1,8,3,14,0,14
L,b,18,L_b_18,25,1,1,4,0,0,0
C,a,27,C_a_27,26,1,2,4,0,39,39
R,g,1,R_g_1,27,1,3,4,5,4,9
N,g,23,N_g_23,28,1,4,4,0,3,3
N,d,12,N_d_12,29,1,5,4,12,18,30
Q,j,23,Q_j_23,30,1,6,4,5,4,9
D,f,11,D_f_11,31,1,7,4,4,1,5
P,g,11,P_g_11,32,1,8,4,2,13,15
C,h,18,C_h_18,33,2,1,1,34,2,36
K,d,12,K_d_12,34,2,2,1,0,2,2
L,f,11,L_f_11,35,2,3,1,0,4,4
K,i,4,K_i_4,36,2,4,1,0,0,0
J,h,20,J_h_20,37,2,5,1,1,0,1
I,a,27,I_a_27,38,2,6,1,3,0,3
G,b,12,G_b_12,39,2,7,1,3,0,3
B,f,18,B_f_18,40,2,8,1,0,0,0
Q,e,1,Q_e_1,41,2,1,2,0,0,0
S,i,4,S_i_4,42,2,2,2,7,0,7
I,j,19,I_j_19,43,2,3,2,1,9,10
Q,d,4,Q_d_4,44,2,4,2,0,0,0
L,h,30,L_h_30,45,2,5,2,0,0,0
U,d,12,U_d_12,46,2,6,2,5,0,5
H,h,18,H_h_18,47,2,7,2,2,0,2
S,g,1,S_g_1,48,2,8,2,52,0,52
P,b,18,P_b_18,49,2,1,3,0,0,0
P,a,27,P_a_27,50,2,2,3,4,0,4
K,h,23,K_h_23,51,2,3,3,23,0,23
O,j,19,O_j_19,52,2,4,3,0,3,3
B,i,11,B_i_11,53,2,5,3,0,0,0
F,i,11,F_i_11,54,2,6,3,21,4,25
G,b,11,G_b_11,55,2,7,3,0,7,7
R,e,27,R_e_27,56,2,8,3,2,0,2
F,e,4,F_e_4,57,2,1,4,0,0,0
L,i,4,L_i_4,58,2,2,4,0,0,0
G,i,4,G_i_4,59,2,3,4,1,2,3
O,a,20,O_a_20,60,2,4,4,3,2,5
O,f,18,O_f_18,61,2,5,4,0,8,8
R,a,20,R_a_20,62,2,6,4,0,1,1
Q,g,19,Q_g_19,63,2,7,4,5,1,6
B,h,11,B_h_11,64,2,8,4,42,1,43
D,f,12,D_f_12,65,3,1,1,0,0,0
M,i,4,M_i_4,66,3,2,1,0,3,3
N,f,12,N_f_12,67,3,3,1,1,0,1
I,j,30,I_j_30,68,3,4,1,3,0,3
C,b,12,C_b_12,69,3,5,1,1,0,1
B,d,12,B_d_12,70,3,6,1,2,0,2
E,f,12,E_f_12,71,3,7,1,0,0,0
J,b,18,J_b_18,72,3,8,1,0,0,0
O,g,1,O_g_1,73,3,1,2,9,0,9
K,h,20,K_h_20,74,3,2,2,1,0,1
T,a,30,T_a_30,75,3,3,2,0,0,0
R,f,12,R_f_12,76,3,4,2,1,0,1
K,a,12,K_a_12,77,3,5,2,2,0,2
A,b,18,A_b_18,78,3,6,2,0,0,0
O,c,1,O_c_1,79,3,7,2,0,0,0
Q,c,27,Q_c_27,80,3,8,2,3,0,3
N,a,27,N_a_27,81,3,1,3,3,1,4
T,c,27,T_c_27,82,3,2,3,5,12,17
N,d,27,N_d_27,83,3,3,3,0,0,0
J,h,18,J_h_18,84,3,4,3,18,4,22
A,a,27,A_a_27,85,3,5,3,13,0,13
G,i,30,G_i_30,86,3,6,3,50,0,50
B,a,30,B_a_30,87,3,7,3,3,1,4
T,j,27,T_j_27,88,3,8,3,28,0,28
A,e,27,A_e_27,89,3,1,4,11,0,11
T,h,23,T_h_23,90,3,2,4,2,0,2
O,c,19,O_c_19,91,3,3,4,1,1,2
E,c,1,E_c_1,92,3,4,4,0,0,0
L,d,12,L_d_12,93,3,5,4,5,2,7
T,j,1,T_j_1,94,3,6,4,2,3,5
H,b,19,H_b_19,95,3,7,4,4,0,4
T,f,12,T_f_12,96,3,8,4,3,1,4
J,d,12,J_d_12,97,4,1,1,16,2,18
K,f,12,K_f_12,98,4,2,1,0,0,0
P,i,4,P_i_4,99,4,3,1,2,0,2
A,i,4,A_i_4,100,4,4,1,0,3,3
L,c,27,L_c_27,101,4,5,1,4,0,4
O,j,27,O_j_27,102,4,6,1,2,0,2
K,j,4,K_j_4,103,4,7,1,2,3,5
I,g,18,I_g_18,104,4,8,1,1,1,2
C,h,4,C_h_4,105,4,1,2,0,0,0
Q,i,4,Q_i_4,106,4,2,2,4,0,4
M,e,18,M_e_18,107,4,3,2,0,0,0
K,i,11,K_i_11,108,4,4,2,0,0,0
U,a,27,U_a_27,109,4,5,2,0,7,7
L,i,11,L_i_11,110,4,6,2,2,1,3
N,g,NA,N_g_NA,111,4,7,2,0,0,0
B,a,23,B_a_23,112,4,8,2,0,0,0
K,e,1,K_e_1,113,4,1,3,7,0,7
H,f,1,H_f_1,114,4,2,3,7,0,7
D,c,1,D_c_1,115,4,3,3,15,0,15
O,g,19,O_g_19,116,4,4,3,0,27,27
Q,j,19,Q_j_19,117,4,5,3,3,8,11
N,f,27,N_f_27,118,4,6,3,6,0,6
U,e,4,U_e_4,119,4,7,3,0,0,0
D,f,1,D_f_1,120,4,8,3,5,10,15
A,j,30,A_j_30,121,4,1,4,5,1,6
F,f,12,F_f_12,122,4,2,4,3,1,4
O,h,30,O_h_30,123,4,3,4,2,1,3
K,d,30,K_d_30,124,4,4,4,11,22,33
D,e,30,D_e_30,125,4,5,4,0,1,1
G,c,19,G_c_19,126,4,6,4,1,0,1
K,c,27,K_c_27,127,4,7,4,0,0,0
A,a,19,A_a_19,128,4,8,4,1,0,1
M,d,4,M_d_4,129,5,1,1,3,9,12
Q,g,23,Q_g_23,130,5,2,1,34,18,52
R,g,19,R_g_19,131,5,3,1,6,0,6
C,e,1,C_e_1,132,5,4,1,0,0,0
S,c,23,S_c_23,133,5,5,1,3,0,3
N,g,12,N_g_12,134,5,6,1,0,2,2
H,d,30,H_d_30,135,5,7,1,0,1,1
A,b,4,A_b_4,136,5,8,1,4,0,4
I,d,30,I_d_30,137,5,1,2,0,0,0
A,j,4,A_j_4,138,5,2,2,3,0,3
J,e,4,J_e_4,139,5,3,2,0,0,0
N,e,4,N_e_4,140,5,4,2,0,0,0
C,b,11,C_b_11,141,5,5,2,0,0,0
P,i,11,P_i_11,142,5,6,2,0,0,0
H,d,27,H_d_27,143,5,7,2,1,0,1
I,h,20,I_h_20,144,5,8,2,3,0,3
D,a,30,D_a_30,145,5,1,3,1,0,1
C,e,19,C_e_19,146,5,2,3,1,1,2
I,a,23,I_a_23,147,5,3,3,7,0,7
J,b,11,J_b_11,148,5,4,3,0,0,0
N,i,12,N_i_12,149,5,5,3,1,0,1
M,i,11,M_i_11,150,5,6,3,12,0,12
R,c,27,R_c_27,151,5,7,3,4,2,6
K,j,1,K_j_1,152,5,8,3,28,0,28
C,i,12,C_i_12,153,5,1,4,5,6,11
H,g,20,H_g_20,154,5,2,4,5,0,5
E,f,20,E_f_20,155,5,3,4,3,1,4
C,c,27,C_c_27,156,5,4,4,1,0,1
F,i,30,F_i_30,157,5,5,4,0,1,1
F,h,18,F_h_18,158,5,6,4,0,0,0
U,f,11,U_f_11,159,5,7,4,3,0,3
J,b,4,J_b_4,160,5,8,4,9,0,9
U,j,4,U_j_4,161,6,1,1,12,1,13
P,c,27,P_c_27,162,6,2,1,7,7,14
K,h,11,K_h_11,163,6,3,1,3,0,3
K,a,19,K_a_19,164,6,4,1,1,14,15
S,e,18,S_e_18,165,6,5,1,0,0,0
E,d,30,E_d_30,166,6,6,1,3,0,3
S,j,30,S_j_30,167,6,7,1,8,0,8
T,a,23,T_a_23,168,6,8,1,27,0,27
R,j,23,R_j_23,169,6,1,2,0,2,2
U,f,20,U_f_20,170,6,2,2,0,0,0
G,e,30,G_e_30,171,6,3,2,0,0,0
R,g,18,R_g_18,172,6,4,2,0,0,0
L,f,12,L_f_12,173,6,5,2,0,0,0
P,h,20,P_h_20,174,6,6,2,7,0,7
E,c,19,E_c_19,175,6,7,2,1,1,2
O,j,11,O_j_11,176,6,8,2,14,0,14
N,j,4,N_j_4,177,6,1,3,0,0,0
A,e,23,A_e_23,178,6,2,3,2,4,6
C,a,30,C_a_30,179,6,3,3,7,1,8
H,b,12,H_b_12,180,6,4,3,27,5,32
G,g,20,G_g_20,181,6,5,3,2,30,32
M,d,23,M_d_23,182,6,6,3,1,0,1
H,g,18,H_g_18,183,6,7,3,5,0,5
P,h,18,P_h_18,184,6,8,3,1,4,5
U,e,18,U_e_18,185,6,1,4,32,0,32
B,f,11,B_f_11,186,6,2,4,6,5,11
I,f,27,I_f_27,187,6,3,4,0,0,0
N,a,20,N_a_20,188,6,4,4,25,0,25
N,j,27,N_j_27,189,6,5,4,1,1,2
S,c,19,S_c_19,190,6,6,4,1,0,1
F,j,11,F_j_11,191,6,7,4,0,1,1
S,g,20,S_g_20,192,6,8,4,0,0,0
J,a,20,J_a_20,193,7,1,1,1,0,1
O,f,27,O_f_27,194,7,2,1,1,0,1
N,a,19,N_a_19,195,7,3,1,6,2,8
E,e,18,E_e_18,196,7,4,1,4,0,4
J,g,19,J_g_19,197,7,5,1,1,0,1
O,b,12,O_b_12,198,7,6,1,4,0,4
T,i,11,T_i_11,199,7,7,1,19,4,23
M,b,19,M_b_19,200,7,8,1,18,0,18
E,f,30,E_f_30,201,7,1,2,1,8,9
D,j,23,D_j_23,202,7,2,2,0,0,0
D,f,27,D_f_27,203,7,3,2,3,2,5
S,j,11,S_j_11,204,7,4,2,4,0,4
B,f,27,B_f_27,205,7,5,2,3,0,3
O,b,4,O_b_4,206,7,6,2,23,0,23
B,c,1,B_c_1,207,7,7,2,0,0,0
J,b,27,J_b_27,208,7,8,2,4,1,5
T,i,12,T_i_12,209,7,1,3,1,0,1
M,b,18,M_b_18,210,7,2,3,18,0,18
H,d,4,H_d_4,211,7,3,3,0,14,14
N,g,1,N_g_1,212,7,4,3,1,0,1
B,f,20,B_f_20,213,7,5,3,40,0,40
E,c,12,E_c_12,214,7,6,3,24,0,24
Q,d,23,Q_d_23,215,7,7,3,2,11,13
D,g,18,D_g_18,216,7,8,3,5,3,8
J,a,30,J_a_30,217,7,1,4,7,0,7
J,d,30,J_d_30,218,7,2,4,62,1,63
S,i,30,S_i_30,219,7,3,4,5,0,5
M,g,NA,M_g_NA,220,7,4,4,0,0,0
J,e,1,J_e_1,221,7,5,4,14,0,14
S,h,18,S_h_18,222,7,6,4,1,0,1
E,d,11,E_d_11,223,7,7,4,0,1,1
G,g,18,G_g_18,224,7,8,4,6,3,9
G,i,18,G_i_18,225,8,1,1,5,1,6
S,g,18,S_g_18,226,8,2,1,4,11,15
G,g,23,G_g_23,227,8,3,1,7,0,7
L,i,12,L_i_12,228,8,4,1,1,0,1
T,h,20,T_h_20,229,8,5,1,1,0,1
P,a,23,P_a_23,230,8,6,1,34,2,36
F,b,19,F_b_19,231,8,7,1,21,0,21
G,a,27,G_a_27,232,8,8,1,6,0,6
S,h,11,S_h_11,233,8,1,2,2,0,2
T,g,1,T_g_1,234,8,2,2,0,0,0
E,e,19,E_e_19,235,8,3,2,7,0,7
M,a,30,M_a_30,236,8,4,2,0,2,2
C,c,23,C_c_23,237,8,5,2,3,0,3
G,a,23,G_a_23,238,8,6,2,12,0,12
I,f,20,I_f_20,239,8,7,2,9,0,9
U,b,19,U_b_19,240,8,8,2,2,0,2
C,h,19,C_h_19,241,8,1,3,1,0,1
B,h,4,B_h_4,242,8,2,3,3,0,3
F,e,18,F_e_18,243,8,3,3,4,0,4
J,a,19,J_a_19,244,8,4,3,3,0,3
C,c,20,C_c_20,245,8,5,3,2,1,3
E,d,20,E_d_20,246,8,6,3,6,7,13
N,b,19,N_b_19,247,8,7,3,3,1,4
I,g,12,I_g_12,248,8,8,3,5,5,10
D,g,23,D_g_23,249,8,1,4,0,0,0
T,i,1,T_i_1,250,8,2,4,12,0,12
K,e,19,K_e_19,251,8,3,4,0,0,0
O,g,18,O_g_18,252,8,4,4,11,0,11
M,e,1,M_e_1,253,8,5,4,112,1,113
M,h,11,M_h_11,254,8,6,4,33,1,34
S,j,12,S_j_12,255,8,7,4,0,0,0
U,b,18,U_b_18,256,8,8,4,10,0,10
Q,d,11,Q_d_11,257,9,1,1,0,0,0
E,g,1,E_g_1,258,9,2,1,1,0,1
D,i,11,D_i_11,259,9,3,1,3,10,13
O,d,30,O_d_30,260,9,4,1,0,0,0
L,b,11,L_b_11,261,9,5,1,39,1,40
N,j,30,N_j_30,262,9,6,1,39,0,39
F,c,1,F_c_1,263,9,7,1,47,0,47
I,b,18,I_b_18,264,9,8,1,3,3,6
I,a,12,I_a_12,265,9,1,2,16,14,30
T,f,1,T_f_1,266,9,2,2,0,0,0
C,d,30,C_d_30,267,9,3,2,0,0,0
G,g,12,G_g_12,268,9,4,2,0,2,2
N,d,23,N_d_23,269,9,5,2,0,0,0
T,j,30,T_j_30,270,9,6,2,2,0,2
S,a,27,S_a_27,271,9,7,2,1,4,5
B,i,12,B_i_12,272,9,8,2,0,0,0
L,i,18,L_i_18,273,9,1,3,2,0,2
R,b,19,R_b_19,274,9,2,3,18,0,18
A,i,12,A_i_12,275,9,3,3,14,0,14
A,b,1,A_b_1,276,9,4,3,1,2,3
Q,f,12,Q_f_12,277,9,5,3,9,0,9
Q,e,19,Q_e_19,278,9,6,3,15,0,15
Q,i,11,Q_i_11,279,9,7,3,5,5,10
S,e,30,S_e_30,280,9,8,3,12,3,15
Q,i,12,Q_i_12,281,9,1,4,1,4,5
F,b,12,F_b_12,282,9,2,4,0,0,0
T,e,4,T_e_4,283,9,3,4,0,0,0
L,f,27,L_f_27,284,9,4,4,0,0,0
D,i,12,D_i_12,285,9,5,4,0,0,0
R,j,4,R_j_4,286,9,6,4,0,0,0
K,a,11,K_a_11,287,9,7,4,0,0,0
M,i,30,M_i_30,288,9,8,4,0,0,0
M,g,11,M_g_11,289,10,1,1,7,0,7
B,c,27,B_c_27,290,10,2,1,7,2,9
P,b,11,P_b_11,291,10,3,1,3,0,3
A,c,27,A_c_27,292,10,4,1,2,15,17
U,a,30,U_a_30,293,10,5,1,46,0,46
A,a,18,A_a_18,294,10,6,1,24,0,24
S,b,19,S_b_19,295,10,7,1,8,0,8
F,i,18,F_i_18,296,10,8,1,1,0,1
M,b,27,M_b_27,297,10,1,2,1,0,1
H,i,4,H_i_4,298,10,2,2,0,0,0
N,j,12,N_j_12,299,10,3,2,0,0,0
R,a,30,R_a_30,300,10,4,2,1,10,11
F,e,30,F_e_30,301,10,5,2,2,0,2
O,a,19,O_a_19,302,10,6,2,3,0,3
Q,j,1,Q_j_1,303,10,7,2,0,18,18
Q,a,20,Q_a_20,304,10,8,2,1,0,1
K,c,23,K_c_23,305,10,1,3,0,0,0
U,i,4,U_i_4,306,10,2,3,1,1,2
E,e,27,E_e_27,307,10,3,3,4,13,17
R,a,12,R_a_12,308,10,4,3,2,28,30
M,e,19,M_e_19,309,10,5,3,0,4,4
K,f,20,K_f_20,310,10,6,3,0,11,11
M,g,12,M_g_12,311,10,7,3,8,1,9
B,c,12,B_c_12,312,10,8,3,29,0,29
I,b,4,I_b_4,313,10,1,4,1,1,2
P,f,18,P_f_18,314,10,2,4,4,0,4
T,c,23,T_c_23,315,10,3,4,8,0,8
G,h,18,G_h_18,316,10,4,4,3,0,3
C,h,1,C_h_1,317,10,5,4,0,0,0
K,f,30,K_f_30,318,10,6,4,1,0,1
E,e,23,E_e_23,319,10,7,4,0,0,0
H,i,12,H_i_12,320,10,8,4,0,0,0
F,f,27,F_f_27,321,11,1,1,0,0,0
Q,e,27,Q_e_27,322,11,2,1,5,3,8
L,d,4,L_d_4,323,11,3,1,19,0,19
D,j,19,D_j_19,324,11,4,1,4,0,4
O,g,12,O_g_12,325,11,5,1,2,0,2
G,e,19,G_e_19,326,11,6,1,6,0,6
E,i,4,E_i_4,327,11,7,1,3,0,3
I,h,18,I_h_18,328,11,8,1,0,0,0
P,a,12,P_a_12,329,11,1,2,6,0,6
R,d,30,R_d_30,330,11,2,2,0,1,1
P,f,11,P_f_11,331,11,3,2,1,0,1
S,e,19,S_e_19,332,11,4,2,0,0,0
B,h,19,B_h_19,333,11,5,2,7,0,7
C,e,27,C_e_27,334,11,6,2,0,0,0
H,f,20,H_f_20,335,11,7,2,1,0,1
P,e,1,P_e_1,336,11,8,2,3,1,4
G,h,4,G_h_4,337,11,1,3,2,0,2
H,c,1,H_c_1,338,11,2,3,42,2,44
E,i,18,E_i_18,339,11,3,3,44,0,44
I,h,11,I_h_11,340,11,4,3,3,0,3
M,h,19,M_h_19,341,11,5,3,37,13,50
T,f,27,T_f_27,342,11,6,3,4,10,14
L,d,23,L_d_23,343,11,7,3,15,27,42
J,f,20,J_f_20,344,11,8,3,0,0,0
F,g,11,F_g_11,345,11,1,4,3,0,3
P,i,30,P_i_30,346,11,2,4,0,0,0
I,i,12,I_i_12,347,11,3,4,1,6,7
H,j,27,H_j_27,348,11,4,4,1,0,1
M,f,18,M_f_18,349,11,5,4,0,0,0
U,c,1,U_c_1,350,11,6,4,0,0,0
P,a,18,P_a_18,351,11,7,4,1,0,1
D,j,1,D_j_1,352,11,8,4,2,0,2
T,c,20,T_c_20,353,12,1,1,5,3,8
Q,i,30,Q_i_30,354,12,2,1,0,0,0
D,e,19,D_e_19,355,12,3,1,0,0,0
N,i,30,N_i_30,356,12,4,1,2,1,3
L,j,27,L_j_27,357,12,5,1,0,1,1
D,d,4,D_d_4,358,12,6,1,2,0,2
S,h,19,S_h_19,359,12,7,1,7,0,7
C,i,30,C_i_30,360,12,8,1,5,0,5
O,h,4,O_h_4,361,12,1,2,1,1,2
L,b,1,L_b_1,362,12,2,2,0,4,4
E,g,23,E_g_23,363,12,3,2,8,7,15
E,d,19,E_d_19,364,12,4,2,4,0,4
E,j,1,E_j_1,365,12,5,2,0,0,0
L,g,20,L_g_20,366,12,6,2,0,0,0
A,h,18,A_h_18,367,12,7,2,3,0,3
A,a,11,A_a_11,368,12,8,2,7,8,15
I,j,11,I_j_11,369,12,1,3,0,0,0
S,a,23,S_a_23,370,12,2,3,0,15,15
I,f,30,I_f_30,371,12,3,3,0,0,0
D,i,18,D_i_18,372,12,4,3,2,21,23
O,f,20,O_f_20,373,12,5,3,0,4,4
P,c,12,P_c_12,374,12,6,3,10,0,10
O,h,19,O_h_19,375,12,7,3,64,0,64
J,c,1,J_c_1,376,12,8,3,45,43,88
A,h,11,A_h_11,377,12,1,4,1,0,1
C,g,20,C_g_20,378,12,2,4,0,0,0
K,h,1,K_h_1,379,12,3,4,0,3,3
A,c,12,A_c_12,380,12,4,4,0,0,0
K,j,30,K_j_30,381,12,5,4,0,0,0
J,c,27,J_c_27,382,12,6,4,0,0,0
B,b,19,B_b_19,383,12,7,4,0,0,0
M,a,23,M_a_23,384,12,8,4,1,0,1
H,b,1,H_b_1,385,13,1,1,2,1,3
N,b,4,N_b_4,386,13,2,1,1,3,4
G,d,12,G_d_12,387,13,3,1,13,4,17
Q,j,12,Q_j_12,388,13,4,1,11,0,11
H,i,18,H_i_18,389,13,5,1,0,2,2
R,f,27,R_f_27,390,13,6,1,0,1,1
D,a,12,D_a_12,391,13,7,1,0,0,0
P,e,19,P_e_19,392,13,8,1,0,2,2
N,f,20,N_f_20,393,13,1,2,7,0,7
D,g,12,D_g_12,394,13,2,2,0,1,1
T,e,30,T_e_30,395,13,3,2,2,0,2
L,j,1,L_j_1,396,13,4,2,0,0,0
I,i,30,I_i_30,397,13,5,2,3,0,3
U,c,23,U_c_23,398,13,6,2,6,0,6
G,c,20,G_c_20,399,13,7,2,0,0,0
A,f,12,A_f_12,400,13,8,2,4,4,8
C,i,27,C_i_27,401,13,1,3,9,0,9
D,j,30,D_j_30,402,13,2,3,0,0,0
S,i,18,S_i_18,403,13,3,3,0,0,0
Q,c,20,Q_c_20,404,13,4,3,12,29,41
O,a,18,O_a_18,405,13,5,3,0,7,7
J,d,23,J_d_23,406,13,6,3,0,0,0
M,a,12,M_a_12,407,13,7,3,14,0,14
N,e,18,N_e_18,408,13,8,3,15,0,15
G,a,19,G_a_19,409,13,1,4,3,0,3
U,j,27,U_j_27,410,13,2,4,0,0,0
D,d,23,D_d_23,411,13,3,4,5,0,5
G,e,27,G_e_27,412,13,4,4,0,1,1
G,d,30,G_d_30,413,13,5,4,2,0,2
I,h,1,I_h_1,414,13,6,4,5,0,5
B,c,4,B_c_4,415,13,7,4,0,0,0
R,d,4,R_d_4,416,13,8,4,5,0,5
C,a,12,C_a_12,417,14,1,1,3,0,3
F,g,20,F_g_20,418,14,2,1,3,0,3
E,j,11,E_j_11,419,14,3,1,1,0,1
M,h,1,M_h_1,420,14,4,1,20,0,20
K,e,27,K_e_27,421,14,5,1,9,0,9
Q,f,20,Q_f_20,422,14,6,1,1,6,7
B,g,1,B_g_1,423,14,7,1,4,5,9
G,c,NA,G_c_NA,424,14,8,1,0,0,0
J,d,11,J_d_11,425,14,1,2,0,0,0
F,c,27,F_c_27,426,14,2,2,0,0,0
B,g,20,B_g_20,427,14,3,2,0,0,0
L,d,11,L_d_11,428,14,4,2,1,3,4
L,c,20,L_c_20,429,14,5,2,0,0,0
J,a,18,J_a_18,430,14,6,2,0,0,0
H,j,1,H_j_1,431,14,7,2,1,1,2
U,i,11,U_i_11,432,14,8,2,16,0,16
U,j,1,U_j_1,433,14,1,3,10,13,23
J,g,18,J_g_18,434,14,2,3,7,1,8
B,d,4,B_d_4,435,14,3,3,39,0,39
D,d,20,D_d_20,436,14,4,3,1,7,8
E,g,12,E_g_12,437,14,5,3,7,3,10
U,d,4,U_d_4,438,14,6,3,0,24,24
P,g,19,P_g_19,439,14,7,3,7,5,12
K,d,23,K_d_23,440,14,8,3,23,8,31
H,h,11,H_h_11,441,14,1,4,2,0,2
M,d,11,M_d_11,442,14,2,4,0,0,0
A,f,27,A_f_27,443,14,3,4,3,0,3
T,a,12,T_a_12,444,14,4,4,0,0,0
H,c,27,H_c_27,445,14,5,4,3,1,4
U,d,11,U_d_11,446,14,6,4,3,0,3
L,c,4,L_c_4,447,14,7,4,0,0,0
Q,a,30,Q_a_30,448,14,8,4,5,1,6
T,g,20,T_g_20,449,15,1,1,1,5,6
U,c,4,U_c_4,450,15,2,1,4,2,6
U,b,11,U_b_11,451,15,3,1,8,1,9
T,f,23,T_f_23,452,15,4,1,9,0,9
P,h,19,P_h_19,453,15,5,1,3,0,3
R,j,27,R_j_27,454,15,6,1,0,0,0
C,g,23,C_g_23,455,15,7,1,1,0,1
M,e,20,M_e_20,456,15,8,1,5,4,9
A,e,20,A_e_20,457,15,1,2,6,0,6
U,j,12,U_j_12,458,15,2,2,0,0,0
N,a,11,N_a_11,459,15,3,2,1,1,2
K,j,12,K_j_12,460,15,4,2,0,15,15
D,i,27,D_i_27,461,15,5,2,0,0,0
F,h,11,F_h_11,462,15,6,2,5,0,5
F,g,18,F_g_18,463,15,7,2,3,1,4
P,b,4,P_b_4,464,15,8,2,2,1,3
I,i,18,I_i_18,465,15,1,3,1,3,4
S,b,18,S_b_18,466,15,2,3,0,43,43
E,b,1,E_b_1,467,15,3,3,42,0,42
R,j,12,R_j_12,468,15,4,3,2,9,11
H,i,27,H_i_27,469,15,5,3,12,0,12
S,h,1,S_h_1,470,15,6,3,4,0,4
S,c,4,S_c_4,471,15,7,3,103,0,103
H,h,1,H_h_1,472,15,8,3,5,1,6
O,j,12,O_j_12,473,15,1,4,2,0,2
P,b,30,P_b_30,474,15,2,4,6,0,6
R,c,23,R_c_23,475,15,3,4,0,0,0
Q,e,23,Q_e_23,476,15,4,4,4,0,4
K,i,18,K_i_18,477,15,5,4,1,0,1
S,e,23,S_e_23,478,15,6,4,0,0,0
R,e,23,R_e_23,479,15,7,4,4,0,4
B,i,1,B_i_1,480,15,8,4,6,0,6
K,c,19,K_c_19,481,16,1,1,0,0,0
M,a,11,M_a_11,482,16,2,1,2,9,11
B,b,18,B_b_18,483,16,3,1,0,0,0
I,d,27,I_d_27,484,16,4,1,7,0,7
T,j,12,T_j_12,485,16,5,1,7,0,7
M,f,27,M_f_27,486,16,6,1,9,0,9
F,h,19,F_h_19,487,16,7,1,0,0,0
N,d,11,N_d_11,488,16,8,1,4,0,4
M,g,23,M_g_23,489,16,1,2,0,0,0
G,h,1,G_h_1,490,16,2,2,3,1,4
T,c,18,T_c_18,491,16,3,2,4,0,4
H,b,27,H_b_27,492,16,4,2,0,0,0
O,d,27,O_d_27,493,16,5,2,0,6,6
E,b,27,E_b_27,494,16,6,2,0,0,0
O,f,23,O_f_23,495,16,7,2,2,0,2
M,d,19,M_d_19,496,16,8,2,21,2,23
H,j,30,H_j_30,497,16,1,3,1,1,2
A,c,4,A_c_4,498,16,2,3,1,1,2
F,h,1,F_h_1,499,16,3,3,11,93,104
C,b,1,C_b_1,500,16,4,3,6,14,20
A,h,4,A_h_4,501,16,5,3,2,4,6
O,c,12,O_c_12,502,16,6,3,22,0,22
P,e,23,P_e_23,503,16,7,3,0,1,1
G,a,18,G_a_18,504,16,8,3,0,2,2
P,e,20,P_e_20,505,16,1,4,0,0,0
L,g,18,L_g_18,506,16,2,4,4,0,4
A,b,30,A_b_30,507,16,3,4,1,0,1
P,c,4,P_c_4,508,16,4,4,0,0,0
C,e,23,C_e_23,509,16,5,4,2,1,3
C,b,30,C_b_30,510,16,6,4,0,0,0
N,e,1,N_e_1,511,16,7,4,0,0,0
U,i,18,U_i_18,512,16,8,4,0,0,0
R,c,12,R_c_12,513,17,1,1,0,0,0
C,c,4,C_c_4,514,17,2,1,23,1,24
J,c,20,J_c_20,515,17,3,1,47,0,47
U,e,19,U_e_19,516,17,4,1,21,0,21
P,f,1,P_f_1,517,17,5,1,19,0,19
N,e,27,N_e_27,518,17,6,1,1,0,1
H,f,30,H_f_30,519,17,7,1,0,0,0
Q,c,12,Q_c_12,520,17,8,1,2,0,2
S,c,18,S_c_18,521,17,1,2,0,0,0
J,h,4,J_h_4,522,17,2,2,1,0,1
D,a,19,D_a_19,523,17,3,2,7,0,7
I,b,1,I_b_1,524,17,4,2,0,0,0
A,c,18,A_c_18,525,17,5,2,0,0,0
M,i,18,M_i_18,526,17,6,2,4,2,6
Q,f,30,Q_f_30,527,17,7,2,3,0,3
S,b,11,S_b_11,528,17,8,2,47,1,48
G,d,4,G_d_4,529,17,1,3,8,3,11
B,b,11,B_b_11,530,17,2,3,4,15,19
T,g,23,T_g_23,531,17,3,3,4,2,6
A,f,20,A_f_20,532,17,4,3,6,5,11
S,g,12,S_g_12,533,17,5,3,25,0,25
L,j,30,L_j_30,534,17,6,3,17,0,17
F,f,20,F_f_20,535,17,7,3,37,0,37
U,c,18,U_c_18,536,17,8,3,10,10,20
A,i,30,A_i_30,537,17,1,4,0,0,0
D,c,27,D_c_27,538,17,2,4,0,0,0
T,g,12,T_g_12,539,17,3,4,5,0,5
L,h,23,L_h_23,540,17,4,4,4,0,4
P,h,1,P_h_1,541,17,5,4,1,0,1
G,b,4,G_b_4,542,17,6,4,2,2,4
Q,d,20,Q_d_20,543,17,7,4,0,1,1
J,h,19,J_h_19,544,17,8,4,0,0,0
A,f,30,A_f_30,545,18,1,1,3,0,3
I,i,1,I_i_1,546,18,2,1,4,1,5
R,b,12,R_b_12,547,18,3,1,10,2,12
S,i,27,S_i_27,548,18,4,1,52,0,52
H,j,12,H_j_12,549,18,5,1,11,0,11
T,e,19,T_e_19,550,18,6,1,1,0,1
J,f,30,J_f_30,551,18,7,1,14,1,15
R,e,20,R_e_20,552,18,8,1,11,1,12
N,b,1,N_b_1,553,18,1,2,2,0,2
K,d,11,K_d_11,554,18,2,2,1,0,1
B,b,1,B_b_1,555,18,3,2,0,0,0
E,i,1,E_i_1,556,18,4,2,0,0,0
T,h,19,T_h_19,557,18,5,2,3,1,4
N,i,1,N_i_1,558,18,6,2,1,0,1
F,b,1,F_b_1,559,18,7,2,6,0,6
K,f,23,K_f_23,560,18,8,2,20,0,20
U,a,23,U_a_23,561,18,1,3,0,0,0
T,a,11,T_a_11,562,18,2,3,2,2,4
R,f,20,R_f_20,563,18,3,3,10,4,14
T,e,23,T_e_23,564,18,4,3,28,1,29
T,h,1,T_h_1,565,18,5,3,29,14,43
R,g,12,R_g_12,566,18,6,3,72,20,92
L,f,20,L_f_20,567,18,7,3,55,26,81
I,d,20,I_d_20,568,18,8,3,30,0,30
U,a,19,U_a_19,569,18,1,4,0,0,0
N,f,23,N_f_23,570,18,2,4,4,0,4
O,d,23,O_d_23,571,18,3,4,0,1,1
I,d,19,I_d_19,572,18,4,4,0,0,0
M,b,30,M_b_30,573,18,5,4,0,1,1
J,g,23,J_g_23,574,18,6,4,3,0,3
B,g,18,B_g_18,575,18,7,4,0,3,3
I,g,4,I_g_4,576,18,8,4,1,0,1
U,f,30,U_f_30,577,19,1,1,9,0,9
E,c,18,E_c_18,578,19,2,1,26,0,26
U,i,1,U_i_1,579,19,3,1,0,0,0
R,d,20,R_d_20,580,19,4,1,18,1,19
L,g,12,L_g_12,581,19,5,1,15,3,18
A,h,19,A_h_19,582,19,6,1,36,2,38
U,d,19,U_d_19,583,19,7,1,19,0,19
I,f,23,I_f_23,584,19,8,1,16,0,16
C,g,12,C_g_12,585,19,1,2,0,0,0
D,e,27,D_e_27,586,19,2,2,0,1,1
G,d,11,G_d_11,587,19,3,2,3,0,3
R,b,1,R_b_1,588,19,4,2,15,2,17
A,i,27,A_i_27,589,19,5,2,2,0,2
G,b,1,G_b_1,590,19,6,2,0,1,1
P,c,18,P_c_18,591,19,7,2,1,0,1
P,g,20,P_g_20,592,19,8,2,12,0,12
L,g,4,L_g_4,593,19,1,3,0,7,7
L,c,18,L_c_18,594,19,2,3,0,6,6
M,f,30,M_f_30,595,19,3,3,6,1,7
D,e,23,D_e_23,596,19,4,3,12,0,12
F,c,20,F_c_20,597,19,5,3,16,0,16
Q,g,12,Q_g_12,598,19,6,3,28,0,28
E,f,23,E_f_23,599,19,7,3,81,2,83
G,e,23,G_e_23,600,19,8,3,27,0,27
F,c,12,F_c_12,601,19,1,4,0,0,0
S,b,30,S_b_30,602,19,2,4,1,0,1
S,a,12,S_a_12,603,19,3,4,0,0,0
E,g,4,E_g_4,604,19,4,4,4,0,4
I,a,19,I_a_19,605,19,5,4,2,0,2
Q,c,4,Q_c_4,606,19,6,4,3,1,4
C,d,27,C_d_27,607,19,7,4,0,0,0
R,f,23,R_f_23,608,19,8,4,1,0,1
D,c,19,D_c_19,609,20,1,1,2,5,7
R,a,19,R_a_19,610,20,2,1,1,0,1
P,g,12,P_g_12,611,20,3,1,31,0,31
S,a,19,S_a_19,612,20,4,1,29,0,29
O,h,1,O_h_1,613,20,5,1,23,0,23
Q,a,18,Q_a_18,614,20,6,1,2,0,2
A,j,11,A_j_11,615,20,7,1,0,0,0
J,e,30,J_e_30,616,20,8,1,0,0,0
K,c,12,K_c_12,617,20,1,2,0,0,0
M,f,23,M_f_23,618,20,2,2,0,1,1
H,c,20,H_c_20,619,20,3,2,1,0,1
D,d,19,D_d_19,620,20,4,2,5,0,5
U,e,27,U_e_27,621,20,5,2,1,0,1
F,i,1,F_i_1,622,20,6,2,14,0,14
D,c,20,D_c_20,623,20,7,2,9,0,9
F,f,30,F_f_30,624,20,8,2,2,4,6
O,b,1,O_b_1,625,20,1,3,2,1,3
P,f,27,P_f_27,626,20,2,3,4,3,7
A,j,NA,A_j_NA,627,20,3,3,0,0,0
L,b,30,L_b_30,628,20,4,3,42,0,42
I,b,27,I_b_27,629,20,5,3,10,1,11
J,e,27,J_e_27,630,20,6,3,25,0,25
L,h,11,L_h_11,631,20,7,3,13,0,13
K,i,1,K_i_1,632,20,8,3,74,0,74
L,j,11,L_j_11,633,20,1,4,0,0,0
Q,f,23,Q_f_23,634,20,2,4,2,0,2
R,b,27,R_b_27,635,20,3,4,4,0,4
N,i,27,N_i_27,636,20,4,4,2,0,2
I,j,12,I_j_12,637,20,5,4,0,0,0
B,a,19,B_a_19,638,20,6,4,1,0,1
E,j,12,E_j_12,639,20,7,4,8,0,8
E,i,27,E_i_27,640,20,8,4,8,0,8
O,a,11,O_a_11,641,21,1,1,0,0,0
H,c,12,H_c_12,642,21,2,1,3,0,3
O,c,18,O_c_18,643,21,3,1,1,4,5
L,h,4,L_h_4,644,21,4,1,0,1,1
B,h,1,B_h_1,645,21,5,1,1,0,1
F,e,19,F_e_19,646,21,6,1,9,0,9
B,a,11,B_a_11,647,21,7,1,3,0,3
H,g,23,H_g_23,648,21,8,1,7,0,7
T,i,27,T_i_27,649,21,1,2,5,2,7
B,d,11,B_d_11,650,21,2,2,0,0,0
J,c,4,J_c_4,651,21,3,2,2,2,4
H,g,4,H_g_4,652,21,4,2,12,1,13
R,c,18,R_c_18,653,21,5,2,0,0,0
C,a,19,C_a_19,654,21,6,2,5,1,6
J,g,12,J_g_12,655,21,7,2,3,0,3
K,e,23,K_e_23,656,21,8,2,28,0,28
G,c,12,G_c_12,657,21,1,3,1,8,9
B,g,4,B_g_4,658,21,2,3,0,14,14
U,b,4,U_b_4,659,21,3,3,7,19,26
P,i,27,P_i_27,660,21,4,3,54,22,76
F,g,23,F_g_23,661,21,5,3,12,6,18
F,j,12,F_j_12,662,21,6,3,29,0,29
C,d,23,C_d_23,663,21,7,3,3,0,3
F,b,30,F_b_30,664,21,8,3,49,15,64
D,a,11,D_a_11,665,21,1,4,3,0,3
N,b,27,N_b_27,666,21,2,4,1,1,2
E,b,30,E_b_30,667,21,3,4,1,0,1
O,b,27,O_b_27,668,21,4,4,0,0,0
H,f,23,H_f_23,669,21,5,4,16,0,16
J,f,23,J_f_23,670,21,6,4,0,0,0
H,d,19,H_d_19,671,21,7,4,0,0,0
B,d,20,B_d_20,672,21,8,4,0,0,0
